%time;field.header.seq;field.header.stamp;field.header.frame_id;field.pose.pose.position.x;field.pose.pose.position.y;field.pose.pose.position.z;field.pose.pose.orientation.x;field.pose.pose.orientation.y;field.pose.pose.orientation.z;field.pose.pose.orientation.w;field.pose.covariance0;field.pose.covariance1;field.pose.covariance2;field.pose.covariance3;field.pose.covariance4;field.pose.covariance5;field.pose.covariance6;field.pose.covariance7;field.pose.covariance8;field.pose.covariance9;field.pose.covariance10;field.pose.covariance11;field.pose.covariance12;field.pose.covariance13;field.pose.covariance14;field.pose.covariance15;field.pose.covariance16;field.pose.covariance17;field.pose.covariance18;field.pose.covariance19;field.pose.covariance20;field.pose.covariance21;field.pose.covariance22;field.pose.covariance23;field.pose.covariance24;field.pose.covariance25;field.pose.covariance26;field.pose.covariance27;field.pose.covariance28;field.pose.covariance29;field.pose.covariance30;field.pose.covariance31;field.pose.covariance32;field.pose.covariance33;field.pose.covariance34;field.pose.covariance35
243647000000;17;243647000000;map;3.99274084154;-0.0375701809475;0.0;0.0;0.0;-0.000686869800418;0.999999764105;1.07300147097;0.125811046842;0.0;0.0;0.0;0.0;0.125811046842;0.279023779098;0.0;0.0;0.0;0.0;0.0;0.0;0.0;0.0;0.0;0.0;0.0;0.0;0.0;0.0;0.0;0.0;0.0;0.0;0.0;0.0;0.0;0.0;0.0;0.0;0.0;0.0;0.0;0.0190942027876
244154000000;18;244154000000;map;4.24798377359;-0.0371126600306;0.0;0.0;0.0;-0.000850599197061;0.99999963824;0.644173028217;0.0456846899576;0.0;0.0;0.0;0.0;0.0456846899576;0.155257389655;0.0;0.0;0.0;0.0;0.0;0.0;0.0;0.0;0.0;0.0;0.0;0.0;0.0;0.0;0.0;0.0;0.0;0.0;0.0;0.0;0.0;0.0;0.0;0.0;0.0;0.0;0.0;0.0151000593041
244659000000;19;244659000000;map;4.5033305972;-0.0363892420157;0.0;0.0;0.0;-0.000560042241581;0.999999843176;0.734359721455;0.101932066412;0.0;0.0;0.0;0.0;0.101932066412;0.172928134791;0.0;0.0;0.0;0.0;0.0;0.0;0.0;0.0;0.0;0.0;0.0;0.0;0.0;0.0;0.0;0.0;0.0;0.0;0.0;0.0;0.0;0.0;0.0;0.0;0.0;0.0;0.0;0.0158415149238
245180000000;20;245180000000;map;4.76520683956;-0.0362269441055;0.0;0.0;0.0;-0.000739029765628;0.999999726917;0.252298828431;0.0622386892355;0.0;0.0;0.0;0.0;0.0622386892355;0.122683074601;0.0;0.0;0.0;0.0;0.0;0.0;0.0;0.0;0.0;0.0;0.0;0.0;0.0;0.0;0.0;0.0;0.0;0.0;0.0;0.0;0.0;0.0;0.0;0.0;0.0;0.0;0.0;0.00613989000835
245684000000;21;245684000000;map;5.01847088713;-0.0359312231811;0.0;0.0;0.0;-0.000609581445751;0.999999814205;0.23319947544;0.0424689521698;0.0;0.0;0.0;0.0;0.0424689521698;0.0824297561393;0.0;0.0;0.0;0.0;0.0;0.0;0.0;0.0;0.0;0.0;0.0;0.0;0.0;0.0;0.0;0.0;0.0;0.0;0.0;0.0;0.0;0.0;0.0;0.0;0.0;0.0;0.0;0.00540121006617
246187000000;22;246187000000;map;5.27178991448;-0.0358991597795;0.0;0.0;0.0;-0.0012054096709;0.999999273493;0.118298963823;0.0172025092208;0.0;0.0;0.0;0.0;0.0172025092208;0.0742355429799;0.0;0.0;0.0;0.0;0.0;0.0;0.0;0.0;0.0;0.0;0.0;0.0;0.0;0.0;0.0;0.0;0.0;0.0;0.0;0.0;0.0;0.0;0.0;0.0;0.0;0.0;0.0;0.00506568867289
246706000000;23;246706000000;map;5.53424796869;-0.0346914552011;0.0;0.0;0.0;-0.000821553007729;0.999999662525;0.0506640829392;-0.0301005313315;0.0;0.0;0.0;0.0;-0.0301005313315;0.0523920912428;0.0;0.0;0.0;0.0;0.0;0.0;0.0;0.0;0.0;0.0;0.0;0.0;0.0;0.0;0.0;0.0;0.0;0.0;0.0;0.0;0.0;0.0;0.0;0.0;0.0;0.0;0.0;0.00443943084869
247211000000;24;247211000000;map;5.78910846552;-0.0348291236046;0.0;0.0;0.0;-0.000808523908949;0.999999673144;0.0347768955104;-0.0267980883634;0.0;0.0;0.0;0.0;-0.0267980883634;0.0524821153858;0.0;0.0;0.0;0.0;0.0;0.0;0.0;0.0;0.0;0.0;0.0;0.0;0.0;0.0;0.0;0.0;0.0;0.0;0.0;0.0;0.0;0.0;0.0;0.0;0.0;0.0;0.0;0.00451350257615
247712000000;25;247712000000;map;6.04280881026;-0.034790840639;0.0;0.0;0.0;-0.00114633466871;0.999999342958;0.03055742351;-0.0470681277907;0.0;0.0;0.0;0.0;-0.0470681277907;0.102826401232;0.0;0.0;0.0;0.0;0.0;0.0;0.0;0.0;0.0;0.0;0.0;0.0;0.0;0.0;0.0;0.0;0.0;0.0;0.0;0.0;0.0;0.0;0.0;0.0;0.0;0.0;0.0;0.00784167860139
248219000000;26;248219000000;map;6.29902502497;-0.0358589811236;0.0;0.0;0.0;-0.00145047718321;0.999998948057;0.0159625735794;-0.0282687776702;0.0;0.0;0.0;0.0;-0.0282687776702;0.0727214015061;0.0;0.0;0.0;0.0;0.0;0.0;0.0;0.0;0.0;0.0;0.0;0.0;0.0;0.0;0.0;0.0;0.0;0.0;0.0;0.0;0.0;0.0;0.0;0.0;0.0;0.0;0.0;0.00589141858352
248722000000;27;248722000000;map;6.55444118609;-0.0364119738816;0.0;0.0;0.0;-0.00139512434475;0.999999026814;0.00955771306874;-0.0136123815203;0.0;0.0;0.0;0.0;-0.0136123815203;0.0428326959098;0.0;0.0;0.0;0.0;0.0;0.0;0.0;0.0;0.0;0.0;0.0;0.0;0.0;0.0;0.0;0.0;0.0;0.0;0.0;0.0;0.0;0.0;0.0;0.0;0.0;0.0;0.0;0.00391469637302
249241000000;28;249241000000;map;6.81648968043;-0.0354582790136;0.0;0.0;0.0;-0.00145631052934;0.999998939579;0.00663250110161;-0.00543731057362;0.0;0.0;0.0;0.0;-0.00543731057362;0.0228535648295;0.0;0.0;0.0;0.0;0.0;0.0;0.0;0.0;0.0;0.0;0.0;0.0;0.0;0.0;0.0;0.0;0.0;0.0;0.0;0.0;0.0;0.0;0.0;0.0;0.0;0.0;0.0;0.00257636869419
249750000000;29;249750000000;map;7.07760345879;-0.0353559147671;0.0;0.0;0.0;-0.00111718265033;0.999999375951;0.00549132818055;-7.50801186112e-05;0.0;0.0;0.0;0.0;-7.50801186112e-05;0.00263855339342;0.0;0.0;0.0;0.0;0.0;0.0;0.0;0.0;0.0;0.0;0.0;0.0;0.0;0.0;0.0;0.0;0.0;0.0;0.0;0.0;0.0;0.0;0.0;0.0;0.0;0.0;0.0;0.00118540087902
250254000000;30;250254000000;map;7.3332766277;-0.0347279966346;0.0;0.0;0.0;-0.000794945391586;0.999999684031;0.00580372345969;-0.000102095335652;0.0;0.0;0.0;0.0;-0.000102095335652;0.00257130020166;0.0;0.0;0.0;0.0;0.0;0.0;0.0;0.0;0.0;0.0;0.0;0.0;0.0;0.0;0.0;0.0;0.0;0.0;0.0;0.0;0.0;0.0;0.0;0.0;0.0;0.0;0.0;0.0011537739109
250771000000;31;250771000000;map;7.59635307034;-0.0349722546545;0.0;0.0;0.0;-0.000420729727842;0.999999911493;0.00606836185219;-0.000107812246046;0.0;0.0;0.0;0.0;-0.000107812246046;0.002604777187;0.0;0.0;0.0;0.0;0.0;0.0;0.0;0.0;0.0;0.0;0.0;0.0;0.0;0.0;0.0;0.0;0.0;0.0;0.0;0.0;0.0;0.0;0.0;0.0;0.0;0.0;0.0;0.00111870648305
251272000000;32;251272000000;map;7.8504878591;-0.0350215389042;0.0;0.0;0.0;-9.17362266199e-05;0.999999995792;0.0061302811724;-0.000115177966276;0.0;0.0;0.0;0.0;-0.000115177966276;0.00264955717039;0.0;0.0;0.0;0.0;0.0;0.0;0.0;0.0;0.0;0.0;0.0;0.0;0.0;0.0;0.0;0.0;0.0;0.0;0.0;0.0;0.0;0.0;0.0;0.0;0.0;0.0;0.0;0.00106303769292
251772000000;33;251772000000;map;8.10495608312;-0.034608988571;0.0;0.0;0.0;-0.000423742170889;0.999999910221;0.00637243487023;-0.000107613766294;0.0;0.0;0.0;0.0;-0.000107613766294;0.00265376921825;0.0;0.0;0.0;0.0;0.0;0.0;0.0;0.0;0.0;0.0;0.0;0.0;0.0;0.0;0.0;0.0;0.0;0.0;0.0;0.0;0.0;0.0;0.0;0.0;0.0;0.0;0.0;0.00100864322446
252291000000;34;252291000000;map;8.36982158254;-0.0350971719976;0.0;0.0;0.0;-0.000741124571865;0.999999725367;0.00672163387878;-0.00022234584893;0.0;0.0;0.0;0.0;-0.00022234584893;0.00255508759896;0.0;0.0;0.0;0.0;0.0;0.0;0.0;0.0;0.0;0.0;0.0;0.0;0.0;0.0;0.0;0.0;0.0;0.0;0.0;0.0;0.0;0.0;0.0;0.0;0.0;0.0;0.0;0.00104714101032
252796000000;35;252796000000;map;8.62512554483;-0.0350533151581;0.0;0.0;0.0;-0.00105124800423;0.999999447439;0.0070389555448;-0.000204033712179;0.0;0.0;0.0;0.0;-0.000204033712179;0.00252972198566;0.0;0.0;0.0;0.0;0.0;0.0;0.0;0.0;0.0;0.0;0.0;0.0;0.0;0.0;0.0;0.0;0.0;0.0;0.0;0.0;0.0;0.0;0.0;0.0;0.0;0.0;0.0;0.00103064127425
253297000000;36;253297000000;map;8.88042907563;-0.0349524857895;0.0;0.0;0.0;-0.000995051986291;0.999999504936;0.00731368147756;-0.000209608512357;0.0;0.0;0.0;0.0;-0.000209608512357;0.00250656915139;0.0;0.0;0.0;0.0;0.0;0.0;0.0;0.0;0.0;0.0;0.0;0.0;0.0;0.0;0.0;0.0;0.0;0.0;0.0;0.0;0.0;0.0;0.0;0.0;0.0;0.0;0.0;0.000912470739681
253800000000;37;253800000000;map;9.1373342032;-0.0358571350052;0.0;0.0;0.0;-0.000689501866671;0.999999762294;0.00771878993946;-0.000190337992255;0.0;0.0;0.0;0.0;-0.000190337992255;0.00242282540171;0.0;0.0;0.0;0.0;0.0;0.0;0.0;0.0;0.0;0.0;0.0;0.0;0.0;0.0;0.0;0.0;0.0;0.0;0.0;0.0;0.0;0.0;0.0;0.0;0.0;0.0;0.0;0.000902059543485
254303000000;38;254303000000;map;9.3929750538;-0.0347713003128;0.0;0.0;0.0;-0.000578205761678;0.999999832839;0.0078929846929;-0.000206773290899;0.0;0.0;0.0;0.0;-0.000206773290899;0.00244586439779;0.0;0.0;0.0;0.0;0.0;0.0;0.0;0.0;0.0;0.0;0.0;0.0;0.0;0.0;0.0;0.0;0.0;0.0;0.0;0.0;0.0;0.0;0.0;0.0;0.0;0.0;0.0;0.000897951126248
254824000000;39;254824000000;map;9.66084227298;-0.0353576016199;0.0;0.0;0.0;-0.000705999636112;0.999999750782;0.00789535486352;-0.000223452045033;0.0;0.0;0.0;0.0;-0.000223452045033;0.0023483458606;0.0;0.0;0.0;0.0;0.0;0.0;0.0;0.0;0.0;0.0;0.0;0.0;0.0;0.0;0.0;0.0;0.0;0.0;0.0;0.0;0.0;0.0;0.0;0.0;0.0;0.0;0.0;0.000924067910744
255330000000;40;255330000000;map;9.9191800262;-0.0358018638842;0.0;0.0;0.0;-0.000258384908331;0.999999966619;0.007809942119;-0.000187324948645;0.0;0.0;0.0;0.0;-0.000187324948645;0.002464483692;0.0;0.0;0.0;0.0;0.0;0.0;0.0;0.0;0.0;0.0;0.0;0.0;0.0;0.0;0.0;0.0;0.0;0.0;0.0;0.0;0.0;0.0;0.0;0.0;0.0;0.0;0.0;0.000914906483656
255834000000;41;255834000000;map;10.1760008041;-0.0366019503239;0.0;0.0;0.0;-0.000434449734762;0.999999905627;0.00788981829075;-0.000198856377433;0.0;0.0;0.0;0.0;-0.000198856377433;0.00250562240436;0.0;0.0;0.0;0.0;0.0;0.0;0.0;0.0;0.0;0.0;0.0;0.0;0.0;0.0;0.0;0.0;0.0;0.0;0.0;0.0;0.0;0.0;0.0;0.0;0.0;0.0;0.0;0.000899417716779
256343000000;42;256343000000;map;10.4349559871;-0.0371746408737;0.0;0.0;0.0;-0.00018585548196;0.999999982729;0.00795709547378;-0.000203752030531;0.0;0.0;0.0;0.0;-0.000203752030531;0.00255936951981;0.0;0.0;0.0;0.0;0.0;0.0;0.0;0.0;0.0;0.0;0.0;0.0;0.0;0.0;0.0;0.0;0.0;0.0;0.0;0.0;0.0;0.0;0.0;0.0;0.0;0.0;0.0;0.000962925224264
256862000000;43;256862000000;map;10.6980100432;-0.0368304626536;0.0;0.0;0.0;-0.000290563214942;0.999999957787;0.00787289099765;-0.000197105039799;0.0;0.0;0.0;0.0;-0.000197105039799;0.00259630004437;0.0;0.0;0.0;0.0;0.0;0.0;0.0;0.0;0.0;0.0;0.0;0.0;0.0;0.0;0.0;0.0;0.0;0.0;0.0;0.0;0.0;0.0;0.0;0.0;0.0;0.0;0.0;0.00102295156155
257368000000;44;257368000000;map;10.9547730496;-0.0372215417136;0.0;0.0;0.0;-0.000372851621353;0.999999930491;0.0081350184919;-0.000180369591133;0.0;0.0;0.0;0.0;-0.000180369591133;0.00255810611349;0.0;0.0;0.0;0.0;0.0;0.0;0.0;0.0;0.0;0.0;0.0;0.0;0.0;0.0;0.0;0.0;0.0;0.0;0.0;0.0;0.0;0.0;0.0;0.0;0.0;0.0;0.0;0.00101994044258
257876000000;45;257876000000;map;11.214466883;-0.0377557313557;0.0;0.0;0.0;4.50073428738e-05;0.999999998987;0.00832380818525;-0.000243362017278;0.0;0.0;0.0;0.0;-0.000243362017278;0.00258679092189;0.0;0.0;0.0;0.0;0.0;0.0;0.0;0.0;0.0;0.0;0.0;0.0;0.0;0.0;0.0;0.0;0.0;0.0;0.0;0.0;0.0;0.0;0.0;0.0;0.0;0.0;0.0;0.00105894578906
258376000000;46;258376000000;map;11.4702636235;-0.0380243494355;0.0;0.0;0.0;0.000124263668915;0.999999992279;0.00829564880212;-0.000224829306412;0.0;0.0;0.0;0.0;-0.000224829306412;0.00270348091216;0.0;0.0;0.0;0.0;0.0;0.0;0.0;0.0;0.0;0.0;0.0;0.0;0.0;0.0;0.0;0.0;0.0;0.0;0.0;0.0;0.0;0.0;0.0;0.0;0.0;0.0;0.0;0.0011107822455
258880000000;47;258880000000;map;11.7276199234;-0.0395421512806;0.0;0.0;0.0;-0.000236881574736;0.999999971944;0.00827111987078;-0.000211667433922;0.0;0.0;0.0;0.0;-0.000211667433922;0.0027764652151;0.0;0.0;0.0;0.0;0.0;0.0;0.0;0.0;0.0;0.0;0.0;0.0;0.0;0.0;0.0;0.0;0.0;0.0;0.0;0.0;0.0;0.0;0.0;0.0;0.0;0.0;0.0;0.00108735129035
259388000000;48;259388000000;map;11.986444445;-0.0394586108064;0.0;0.0;0.0;-0.000445353872162;0.99999990083;0.00805237022172;-0.000173507350601;0.0;0.0;0.0;0.0;-0.000173507350601;0.0027116940191;0.0;0.0;0.0;0.0;0.0;0.0;0.0;0.0;0.0;0.0;0.0;0.0;0.0;0.0;0.0;0.0;0.0;0.0;0.0;0.0;0.0;0.0;0.0;0.0;0.0;0.0;0.0;0.00114954245001
259890000000;49;259890000000;map;12.2426063451;-0.0397446423952;0.0;0.0;0.0;-0.00053543104749;0.999999856657;0.00789446232744;-0.000192680528871;0.0;0.0;0.0;0.0;-0.000192680528871;0.00265495983021;0.0;0.0;0.0;0.0;0.0;0.0;0.0;0.0;0.0;0.0;0.0;0.0;0.0;0.0;0.0;0.0;0.0;0.0;0.0;0.0;0.0;0.0;0.0;0.0;0.0;0.0;0.0;0.00114359934247
260391000000;50;260391000000;map;12.4971750097;-0.0403021952976;0.0;0.0;0.0;-0.000805190883883;0.999999675834;0.00813116791431;-0.000184070915998;0.0;0.0;0.0;0.0;-0.000184070915998;0.0025407524928;0.0;0.0;0.0;0.0;0.0;0.0;0.0;0.0;0.0;0.0;0.0;0.0;0.0;0.0;0.0;0.0;0.0;0.0;0.0;0.0;0.0;0.0;0.0;0.0;0.0;0.0;0.0;0.00110562523911
260897000000;51;260897000000;map;12.7546313473;-0.0419865058879;0.0;0.0;0.0;-0.000665890154424;0.999999778295;0.00806479705531;-0.000259261911255;0.0;0.0;0.0;0.0;-0.000259261911255;0.00255956205295;0.0;0.0;0.0;0.0;0.0;0.0;0.0;0.0;0.0;0.0;0.0;0.0;0.0;0.0;0.0;0.0;0.0;0.0;0.0;0.0;0.0;0.0;0.0;0.0;0.0;0.0;0.0;0.00115452807993
261403000000;52;261403000000;map;13.0129976873;-0.0424532916808;0.0;0.0;0.0;-0.000580514326608;0.999999831502;0.00805275504476;-0.000142622889112;0.0;0.0;0.0;0.0;-0.000142622889112;0.00257579044385;0.0;0.0;0.0;0.0;0.0;0.0;0.0;0.0;0.0;0.0;0.0;0.0;0.0;0.0;0.0;0.0;0.0;0.0;0.0;0.0;0.0;0.0;0.0;0.0;0.0;0.0;0.0;0.00122170754911
261904000000;53;261904000000;map;13.268824149;-0.0416762430854;0.0;0.0;0.0;-0.000246111858095;0.999999969714;0.00802149283567;-0.000143504091084;0.0;0.0;0.0;0.0;-0.000143504091084;0.00270735972735;0.0;0.0;0.0;0.0;0.0;0.0;0.0;0.0;0.0;0.0;0.0;0.0;0.0;0.0;0.0;0.0;0.0;0.0;0.0;0.0;0.0;0.0;0.0;0.0;0.0;0.0;0.0;0.00127124902447
262410000000;54;262410000000;map;13.5280652439;-0.0412825046749;0.0;0.0;0.0;-0.000126876235127;0.999999991951;0.007840411936;-9.09570353276e-05;0.0;0.0;0.0;0.0;-9.09570353276e-05;0.0027597884464;0.0;0.0;0.0;0.0;0.0;0.0;0.0;0.0;0.0;0.0;0.0;0.0;0.0;0.0;0.0;0.0;0.0;0.0;0.0;0.0;0.0;0.0;0.0;0.0;0.0;0.0;0.0;0.00128931237733
262911000000;55;262911000000;map;13.7814419707;-0.0416212411298;0.0;0.0;0.0;0.000154757773632;0.999999988025;0.00771731857716;-9.09915162363e-05;0.0;0.0;0.0;0.0;-9.09915162363e-05;0.00284033934735;0.0;0.0;0.0;0.0;0.0;0.0;0.0;0.0;0.0;0.0;0.0;0.0;0.0;0.0;0.0;0.0;0.0;0.0;0.0;0.0;0.0;0.0;0.0;0.0;0.0;0.0;0.0;0.00128363797708
263413000000;56;263413000000;map;14.038707887;-0.0415886182579;0.0;0.0;0.0;0.000293358075038;0.999999956971;0.00742351184792;-0.000131062520192;0.0;0.0;0.0;0.0;-0.000131062520192;0.00291826895094;0.0;0.0;0.0;0.0;0.0;0.0;0.0;0.0;0.0;0.0;0.0;0.0;0.0;0.0;0.0;0.0;0.0;0.0;0.0;0.0;0.0;0.0;0.0;0.0;0.0;0.0;0.0;0.00129967439294
263915000000;57;263915000000;map;14.2935328395;-0.0418784576655;0.0;0.0;0.0;0.000259959977917;0.99999996621;0.0070728427622;-3.06370794326e-05;0.0;0.0;0.0;0.0;-3.06370794326e-05;0.00293740540814;0.0;0.0;0.0;0.0;0.0;0.0;0.0;0.0;0.0;0.0;0.0;0.0;0.0;0.0;0.0;0.0;0.0;0.0;0.0;0.0;0.0;0.0;0.0;0.0;0.0;0.0;0.0;0.00128479893759
264419000000;58;264419000000;map;14.549558672;-0.0416535588405;0.0;0.0;0.0;0.000190960482529;0.999999981767;0.00726496818947;-6.86642832657e-05;0.0;0.0;0.0;0.0;-6.86642832657e-05;0.00306422473416;0.0;0.0;0.0;0.0;0.0;0.0;0.0;0.0;0.0;0.0;0.0;0.0;0.0;0.0;0.0;0.0;0.0;0.0;0.0;0.0;0.0;0.0;0.0;0.0;0.0;0.0;0.0;0.0012966553304
264940000000;59;264940000000;map;14.8157681294;-0.042687379551;0.0;0.0;0.0;0.000147185051464;0.999999989168;0.00706203723342;-0.000173956639789;0.0;0.0;0.0;0.0;-0.000173956639789;0.00315003885335;0.0;0.0;0.0;0.0;0.0;0.0;0.0;0.0;0.0;0.0;0.0;0.0;0.0;0.0;0.0;0.0;0.0;0.0;0.0;0.0;0.0;0.0;0.0;0.0;0.0;0.0;0.0;0.00132397082158
265455000000;60;265455000000;map;15.0767819735;-0.0440985615056;0.0;0.0;0.0;-4.8408862015e-06;0.999999999988;0.00701284523035;-0.000280052952397;0.0;0.0;0.0;0.0;-0.000280052952397;0.00318545813737;0.0;0.0;0.0;0.0;0.0;0.0;0.0;0.0;0.0;0.0;0.0;0.0;0.0;0.0;0.0;0.0;0.0;0.0;0.0;0.0;0.0;0.0;0.0;0.0;0.0;0.0;0.0;0.00135921860163
265957000000;61;265957000000;map;15.3319010712;-0.0452124707759;0.0;0.0;0.0;8.59669244328e-05;0.999999996305;0.00693549593331;-0.00036288097286;0.0;0.0;0.0;0.0;-0.00036288097286;0.00327929740339;0.0;0.0;0.0;0.0;0.0;0.0;0.0;0.0;0.0;0.0;0.0;0.0;0.0;0.0;0.0;0.0;0.0;0.0;0.0;0.0;0.0;0.0;0.0;0.0;0.0;0.0;0.0;0.0013029984734
266465000000;62;266465000000;map;15.5921924103;-0.0465153355416;0.0;0.0;0.0;-7.32362363625e-06;0.999999999973;0.00688151617456;-0.000500517787839;0.0;0.0;0.0;0.0;-0.000500517787839;0.00348011995773;0.0;0.0;0.0;0.0;0.0;0.0;0.0;0.0;0.0;0.0;0.0;0.0;0.0;0.0;0.0;0.0;0.0;0.0;0.0;0.0;0.0;0.0;0.0;0.0;0.0;0.0;0.0;0.00135813843181
266966000000;63;266966000000;map;15.8485028469;-0.0477549220847;0.0;0.0;0.0;-0.000126094218316;0.99999999205;0.00666947823765;-0.000556674738609;0.0;0.0;0.0;0.0;-0.000556674738609;0.00352204060484;0.0;0.0;0.0;0.0;0.0;0.0;0.0;0.0;0.0;0.0;0.0;0.0;0.0;0.0;0.0;0.0;0.0;0.0;0.0;0.0;0.0;0.0;0.0;0.0;0.0;0.0;0.0;0.00133636655392
267471000000;64;267471000000;map;16.1050000681;-0.0480673956726;0.0;0.0;0.0;0.000324832510436;0.999999947242;0.00644553460279;-0.00042162537746;0.0;0.0;0.0;0.0;-0.00042162537746;0.00356945917546;0.0;0.0;0.0;0.0;0.0;0.0;0.0;0.0;0.0;0.0;0.0;0.0;0.0;0.0;0.0;0.0;0.0;0.0;0.0;0.0;0.0;0.0;0.0;0.0;0.0;0.0;0.0;0.00131362157642
267972000000;65;267972000000;map;16.3601044093;-0.0479717159687;0.0;0.0;0.0;0.000679659463553;0.999999769031;0.00655703145111;-0.000479269205151;0.0;0.0;0.0;0.0;-0.000479269205151;0.00366998102372;0.0;0.0;0.0;0.0;0.0;0.0;0.0;0.0;0.0;0.0;0.0;0.0;0.0;0.0;0.0;0.0;0.0;0.0;0.0;0.0;0.0;0.0;0.0;0.0;0.0;0.0;0.0;0.00125588010266
268473000000;66;268473000000;map;16.6143817023;-0.0488273251629;0.0;0.0;0.0;0.000853316298022;0.999999635926;0.00642437599498;-0.000419196914901;0.0;0.0;0.0;0.0;-0.000419196914901;0.00392637612198;0.0;0.0;0.0;0.0;0.0;0.0;0.0;0.0;0.0;0.0;0.0;0.0;0.0;0.0;0.0;0.0;0.0;0.0;0.0;0.0;0.0;0.0;0.0;0.0;0.0;0.0;0.0;0.00125655361328
268981000000;67;268981000000;map;16.8739958545;-0.0488758313572;0.0;0.0;0.0;0.000407999481122;0.999999916768;0.00627040984972;-0.000432251014344;0.0;0.0;0.0;0.0;-0.000432251014344;0.00404944617816;0.0;0.0;0.0;0.0;0.0;0.0;0.0;0.0;0.0;0.0;0.0;0.0;0.0;0.0;0.0;0.0;0.0;0.0;0.0;0.0;0.0;0.0;0.0;0.0;0.0;0.0;0.0;0.00126006550845
269494000000;68;269494000000;map;17.1370190087;-0.0503641850223;0.0;0.0;0.0;-0.000130611407615;0.99999999147;0.00599859090414;-0.000421019032329;0.0;0.0;0.0;0.0;-0.000421019032329;0.00410698790119;0.0;0.0;0.0;0.0;0.0;0.0;0.0;0.0;0.0;0.0;0.0;0.0;0.0;0.0;0.0;0.0;0.0;0.0;0.0;0.0;0.0;0.0;0.0;0.0;0.0;0.0;0.0;0.00128486832194
269996000000;69;269996000000;map;17.3929943443;-0.0518857622535;0.0;0.0;0.0;-0.000306776545067;0.999999952944;0.00593724508542;-0.000466690206225;0.0;0.0;0.0;0.0;-0.000466690206225;0.00415821350174;0.0;0.0;0.0;0.0;0.0;0.0;0.0;0.0;0.0;0.0;0.0;0.0;0.0;0.0;0.0;0.0;0.0;0.0;0.0;0.0;0.0;0.0;0.0;0.0;0.0;0.0;0.0;0.00117907185734
270496000000;70;270496000000;map;17.6478843041;-0.053324517977;0.0;0.0;0.0;-0.000366496831766;0.99999993284;0.00560498102851;-0.000382831904562;0.0;0.0;0.0;0.0;-0.000382831904562;0.00419616175187;0.0;0.0;0.0;0.0;0.0;0.0;0.0;0.0;0.0;0.0;0.0;0.0;0.0;0.0;0.0;0.0;0.0;0.0;0.0;0.0;0.0;0.0;0.0;0.0;0.0;0.0;0.0;0.00108519921443
271011000000;71;271011000000;map;17.9076857929;-0.0566827581295;0.0;0.0;0.0;-0.000826680013981;0.9999996583;0.00547870118771;-0.000227581938869;0.0;0.0;0.0;0.0;-0.000227581938869;0.00420192713137;0.0;0.0;0.0;0.0;0.0;0.0;0.0;0.0;0.0;0.0;0.0;0.0;0.0;0.0;0.0;0.0;0.0;0.0;0.0;0.0;0.0;0.0;0.0;0.0;0.0;0.0;0.0;0.00107169579716
271532000000;72;271532000000;map;18.1702402565;-0.058926920121;0.0;0.0;0.0;-0.000697324686519;0.999999756869;0.00535343877226;-0.000156982630656;0.0;0.0;0.0;0.0;-0.000156982630656;0.004125533407;0.0;0.0;0.0;0.0;0.0;0.0;0.0;0.0;0.0;0.0;0.0;0.0;0.0;0.0;0.0;0.0;0.0;0.0;0.0;0.0;0.0;0.0;0.0;0.0;0.0;0.0;0.0;0.00101163911313
272037000000;73;272037000000;map;18.4256576531;-0.0607743912924;0.0;0.0;0.0;-0.000250711421348;0.999999968572;0.0052167377803;-0.000138423734506;0.0;0.0;0.0;0.0;-0.000138423734506;0.00407196027959;0.0;0.0;0.0;0.0;0.0;0.0;0.0;0.0;0.0;0.0;0.0;0.0;0.0;0.0;0.0;0.0;0.0;0.0;0.0;0.0;0.0;0.0;0.0;0.0;0.0;0.0;0.0;0.00100697741584
272542000000;74;272542000000;map;18.6781852723;-0.0640025751255;0.0;0.0;0.0;-0.00077009526294;0.999999703477;0.00528529001895;-0.000212186202699;0.0;0.0;0.0;0.0;-0.000212186202699;0.00400657825253;0.0;0.0;0.0;0.0;0.0;0.0;0.0;0.0;0.0;0.0;0.0;0.0;0.0;0.0;0.0;0.0;0.0;0.0;0.0;0.0;0.0;0.0;0.0;0.0;0.0;0.0;0.0;0.00102115451493
273048000000;75;273048000000;map;18.9302670807;-0.0666393752522;0.0;0.0;0.0;-0.00143792859041;0.99999896618;0.00526778346932;-0.000280641642778;0.0;0.0;0.0;0.0;-0.000280641642778;0.00389749522577;0.0;0.0;0.0;0.0;0.0;0.0;0.0;0.0;0.0;0.0;0.0;0.0;0.0;0.0;0.0;0.0;0.0;0.0;0.0;0.0;0.0;0.0;0.0;0.0;0.0;0.0;0.0;0.000997570996489
273550000000;76;273550000000;map;19.1834345609;-0.0687694779086;0.0;0.0;0.0;-0.00143023996613;0.999998977206;0.00552106634319;-0.000226694798475;0.0;0.0;0.0;0.0;-0.000226694798475;0.00382064977937;0.0;0.0;0.0;0.0;0.0;0.0;0.0;0.0;0.0;0.0;0.0;0.0;0.0;0.0;0.0;0.0;0.0;0.0;0.0;0.0;0.0;0.0;0.0;0.0;0.0;0.0;0.0;0.000994285021995
274070000000;77;274070000000;map;19.4422721068;-0.0719999135149;0.0;0.0;0.0;-0.00163375210853;0.999998665426;0.005711385577;-0.000219010354756;0.0;0.0;0.0;0.0;-0.000219010354756;0.00379388181417;0.0;0.0;0.0;0.0;0.0;0.0;0.0;0.0;0.0;0.0;0.0;0.0;0.0;0.0;0.0;0.0;0.0;0.0;0.0;0.0;0.0;0.0;0.0;0.0;0.0;0.0;0.0;0.00106680024125
274579000000;78;274579000000;map;19.6973048774;-0.0735786982217;0.0;0.0;0.0;-0.00195540876164;0.999998088186;0.00554481092831;-0.000134183127568;0.0;0.0;0.0;0.0;-0.000134183127568;0.00367624286748;0.0;0.0;0.0;0.0;0.0;0.0;0.0;0.0;0.0;0.0;0.0;0.0;0.0;0.0;0.0;0.0;0.0;0.0;0.0;0.0;0.0;0.0;0.0;0.0;0.0;0.0;0.0;0.00111001659029
275087000000;79;275087000000;map;19.9531644641;-0.0772457101252;0.0;0.0;0.0;-0.00202837961453;0.999997942836;0.0054670876512;-6.84777193718e-05;0.0;0.0;0.0;0.0;-6.8477719372e-05;0.00355455115135;0.0;0.0;0.0;0.0;0.0;0.0;0.0;0.0;0.0;0.0;0.0;0.0;0.0;0.0;0.0;0.0;0.0;0.0;0.0;0.0;0.0;0.0;0.0;0.0;0.0;0.0;0.0;0.00116813172266
275605000000;80;275605000000;map;20.2130932849;-0.0803312101767;0.0;0.0;0.0;-0.00192131608969;0.999998154271;0.00548545279327;-5.7602803464e-05;0.0;0.0;0.0;0.0;-5.7602803464e-05;0.00370013661111;0.0;0.0;0.0;0.0;0.0;0.0;0.0;0.0;0.0;0.0;0.0;0.0;0.0;0.0;0.0;0.0;0.0;0.0;0.0;0.0;0.0;0.0;0.0;0.0;0.0;0.0;0.0;0.00125991142098
276109000000;81;276109000000;map;20.4646611231;-0.0839811939211;0.0;0.0;0.0;-0.00271329531558;0.999996319007;0.00541218647584;7.18626236185e-05;0.0;0.0;0.0;0.0;7.18626236185e-05;0.00357799895232;0.0;0.0;0.0;0.0;0.0;0.0;0.0;0.0;0.0;0.0;0.0;0.0;0.0;0.0;0.0;0.0;0.0;0.0;0.0;0.0;0.0;0.0;0.0;0.0;0.0;0.0;0.0;0.00129215853724
276617000000;82;276617000000;map;20.7185706469;-0.0878938045391;0.0;0.0;0.0;-0.0033146942327;0.999994506386;0.00553455077363;0.000132183225625;0.0;0.0;0.0;0.0;0.000132183225625;0.00367599134673;0.0;0.0;0.0;0.0;0.0;0.0;0.0;0.0;0.0;0.0;0.0;0.0;0.0;0.0;0.0;0.0;0.0;0.0;0.0;0.0;0.0;0.0;0.0;0.0;0.0;0.0;0.0;0.00134087772782
277120000000;83;277120000000;map;20.9696180232;-0.0916245323388;0.0;0.0;0.0;-0.00383637775783;0.999992641076;0.00579087221962;9.51306691168e-05;0.0;0.0;0.0;0.0;9.51306691168e-05;0.00359621874013;0.0;0.0;0.0;0.0;0.0;0.0;0.0;0.0;0.0;0.0;0.0;0.0;0.0;0.0;0.0;0.0;0.0;0.0;0.0;0.0;0.0;0.0;0.0;0.0;0.0;0.0;0.0;0.0013150567781
277640000000;84;277640000000;map;21.228855937;-0.0956487472948;0.0;0.0;0.0;-0.00458337744499;0.99998949627;0.00602178542312;0.000139147251654;0.0;0.0;0.0;0.0;0.000139147251654;0.00356958188203;0.0;0.0;0.0;0.0;0.0;0.0;0.0;0.0;0.0;0.0;0.0;0.0;0.0;0.0;0.0;0.0;0.0;0.0;0.0;0.0;0.0;0.0;0.0;0.0;0.0;0.0;0.0;0.0013145877034
278165000000;85;278165000000;map;21.4935567961;-0.099334964366;0.0;0.0;0.0;-0.00505259675275;0.999987235552;0.00604959407389;0.000240203653983;0.0;0.0;0.0;0.0;0.000240203653983;0.00332350985175;0.0;0.0;0.0;0.0;0.0;0.0;0.0;0.0;0.0;0.0;0.0;0.0;0.0;0.0;0.0;0.0;0.0;0.0;0.0;0.0;0.0;0.0;0.0;0.0;0.0;0.0;0.0;0.00125361903604
278667000000;86;278667000000;map;21.7428071802;-0.10228797083;0.0;0.0;0.0;-0.00537844086733;0.999985536082;0.00617470391848;0.000269600656269;0.0;0.0;0.0;0.0;0.000269600656269;0.00341956473354;0.0;0.0;0.0;0.0;0.0;0.0;0.0;0.0;0.0;0.0;0.0;0.0;0.0;0.0;0.0;0.0;0.0;0.0;0.0;0.0;0.0;0.0;0.0;0.0;0.0;0.0;0.0;0.00132939583631
279175000000;87;279175000000;map;21.9969957525;-0.104966430451;0.0;0.0;0.0;-0.00531946621241;0.99998585154;0.00629444169545;0.000268514083012;0.0;0.0;0.0;0.0;0.000268514083012;0.00351673465867;0.0;0.0;0.0;0.0;0.0;0.0;0.0;0.0;0.0;0.0;0.0;0.0;0.0;0.0;0.0;0.0;0.0;0.0;0.0;0.0;0.0;0.0;0.0;0.0;0.0;0.0;0.0;0.00130210034597
279679000000;88;279679000000;map;22.2494197354;-0.108270076965;0.0;0.0;0.0;-0.00546516587268;0.999985065869;0.00635323586084;0.000308335886393;0.0;0.0;0.0;0.0;0.000308335886394;0.00345100681939;0.0;0.0;0.0;0.0;0.0;0.0;0.0;0.0;0.0;0.0;0.0;0.0;0.0;0.0;0.0;0.0;0.0;0.0;0.0;0.0;0.0;0.0;0.0;0.0;0.0;0.0;0.0;0.00132441328862
280185000000;89;280185000000;map;22.5013807948;-0.113116460708;0.0;0.0;0.0;-0.00611516712362;0.999981302191;0.00635729338643;0.000261303795853;0.0;0.0;0.0;0.0;0.000261303795853;0.00361231961411;0.0;0.0;0.0;0.0;0.0;0.0;0.0;0.0;0.0;0.0;0.0;0.0;0.0;0.0;0.0;0.0;0.0;0.0;0.0;0.0;0.0;0.0;0.0;0.0;0.0;0.0;0.0;0.00140134578232
280690000000;90;280690000000;map;22.7539475976;-0.117409384122;0.0;0.0;0.0;-0.00634193096791;0.999979889754;0.00634134256893;0.000228277187724;0.0;0.0;0.0;0.0;0.000228277187724;0.00367585490141;0.0;0.0;0.0;0.0;0.0;0.0;0.0;0.0;0.0;0.0;0.0;0.0;0.0;0.0;0.0;0.0;0.0;0.0;0.0;0.0;0.0;0.0;0.0;0.0;0.0;0.0;0.0;0.00138323141677
281193000000;91;281193000000;map;23.0045363021;-0.120431837813;0.0;0.0;0.0;-0.00600045427166;0.999981997112;0.00648531998979;0.000189739506312;0.0;0.0;0.0;0.0;0.000189739506312;0.0036355936023;0.0;0.0;0.0;0.0;0.0;0.0;0.0;0.0;0.0;0.0;0.0;0.0;0.0;0.0;0.0;0.0;0.0;0.0;0.0;0.0;0.0;0.0;0.0;0.0;0.0;0.0;0.0;0.00132812997659
281700000000;92;281700000000;map;23.2585791948;-0.123734372154;0.0;0.0;0.0;-0.00575909181188;0.999983416293;0.00650784039055;0.000133763839271;0.0;0.0;0.0;0.0;0.000133763839271;0.00356788364676;0.0;0.0;0.0;0.0;0.0;0.0;0.0;0.0;0.0;0.0;0.0;0.0;0.0;0.0;0.0;0.0;0.0;0.0;0.0;0.0;0.0;0.0;0.0;0.0;0.0;0.0;0.0;0.00126638990589
282204000000;93;282204000000;map;23.5094957501;-0.126311556429;0.0;0.0;0.0;-0.00576038638116;0.999983408837;0.00652372863317;0.000251239710706;0.0;0.0;0.0;0.0;0.000251239710706;0.00356611386339;0.0;0.0;0.0;0.0;0.0;0.0;0.0;0.0;0.0;0.0;0.0;0.0;0.0;0.0;0.0;0.0;0.0;0.0;0.0;0.0;0.0;0.0;0.0;0.0;0.0;0.0;0.0;0.00122729854892
282708000000;94;282708000000;map;23.7603578116;-0.129853087833;0.0;0.0;0.0;-0.00551373581529;0.999984799243;0.00651529570325;0.000330582120063;0.0;0.0;0.0;0.0;0.000330582120063;0.00353277987015;0.0;0.0;0.0;0.0;0.0;0.0;0.0;0.0;0.0;0.0;0.0;0.0;0.0;0.0;0.0;0.0;0.0;0.0;0.0;0.0;0.0;0.0;0.0;0.0;0.0;0.0;0.0;0.00119671573742
283216000000;95;283216000000;map;24.0144953457;-0.132461692356;0.0;0.0;0.0;-0.00493540798386;0.9999878208;0.00650843112248;0.000370770493225;0.0;0.0;0.0;0.0;0.000370770493225;0.00356510658149;0.0;0.0;0.0;0.0;0.0;0.0;0.0;0.0;0.0;0.0;0.0;0.0;0.0;0.0;0.0;0.0;0.0;0.0;0.0;0.0;0.0;0.0;0.0;0.0;0.0;0.0;0.0;0.00120055409056
283718000000;96;283718000000;map;24.2654508879;-0.133387574772;0.0;0.0;0.0;-0.00486518667445;0.999988164909;0.00655037787635;0.000409234551476;0.0;0.0;0.0;0.0;0.000409234551476;0.00342513857488;0.0;0.0;0.0;0.0;0.0;0.0;0.0;0.0;0.0;0.0;0.0;0.0;0.0;0.0;0.0;0.0;0.0;0.0;0.0;0.0;0.0;0.0;0.0;0.0;0.0;0.0;0.0;0.00114368274761
284238000000;97;284238000000;map;24.5257676923;-0.135083771207;0.0;0.0;0.0;-0.00487908428286;0.999988097197;0.00648938442055;0.000478926647812;0.0;0.0;0.0;0.0;0.000478926647812;0.00331379876757;0.0;0.0;0.0;0.0;0.0;0.0;0.0;0.0;0.0;0.0;0.0;0.0;0.0;0.0;0.0;0.0;0.0;0.0;0.0;0.0;0.0;0.0;0.0;0.0;0.0;0.0;0.0;0.00116227999388
284742000000;98;284742000000;map;24.7795488445;-0.135829081288;0.0;0.0;0.0;-0.00449641240254;0.999989891087;0.00664126759727;0.000441278611925;0.0;0.0;0.0;0.0;0.000441278611925;0.00341386458574;0.0;0.0;0.0;0.0;0.0;0.0;0.0;0.0;0.0;0.0;0.0;0.0;0.0;0.0;0.0;0.0;0.0;0.0;0.0;0.0;0.0;0.0;0.0;0.0;0.0;0.0;0.0;0.00120641573124
285261000000;99;285261000000;map;25.0390173392;-0.136729457252;0.0;0.0;0.0;-0.00408388447516;0.999991660909;0.00653920219509;0.000470833392754;0.0;0.0;0.0;0.0;0.000470833392754;0.00326673146148;0.0;0.0;0.0;0.0;0.0;0.0;0.0;0.0;0.0;0.0;0.0;0.0;0.0;0.0;0.0;0.0;0.0;0.0;0.0;0.0;0.0;0.0;0.0;0.0;0.0;0.0;0.0;0.00113148825457
285770000000;100;285770000000;map;25.2944785509;-0.137320728308;0.0;0.0;0.0;-0.00405393799949;0.99999178276;0.00657497329121;0.000540078393096;0.0;0.0;0.0;0.0;0.000540078393096;0.00317905619672;0.0;0.0;0.0;0.0;0.0;0.0;0.0;0.0;0.0;0.0;0.0;0.0;0.0;0.0;0.0;0.0;0.0;0.0;0.0;0.0;0.0;0.0;0.0;0.0;0.0;0.0;0.0;0.00109493717347
286274000000;101;286274000000;map;25.5476806033;-0.139033735912;0.0;0.0;0.0;-0.00433473872183;0.999990604976;0.00639534630204;0.000389708487606;0.0;0.0;0.0;0.0;0.000389708487606;0.00308954346162;0.0;0.0;0.0;0.0;0.0;0.0;0.0;0.0;0.0;0.0;0.0;0.0;0.0;0.0;0.0;0.0;0.0;0.0;0.0;0.0;0.0;0.0;0.0;0.0;0.0;0.0;0.0;0.00107901116349
286779000000;102;286779000000;map;25.8024423613;-0.138342986493;0.0;0.0;0.0;-0.00398337113405;0.999992066346;0.00653937499783;0.000376572817995;0.0;0.0;0.0;0.0;0.000376572817995;0.00291237619882;0.0;0.0;0.0;0.0;0.0;0.0;0.0;0.0;0.0;0.0;0.0;0.0;0.0;0.0;0.0;0.0;0.0;0.0;0.0;0.0;0.0;0.0;0.0;0.0;0.0;0.0;0.0;0.00112918843785
287282000000;103;287282000000;map;26.0549120964;-0.138967740881;0.0;0.0;0.0;-0.00357603579864;0.999993605964;0.00653848375885;0.000327852686912;0.0;0.0;0.0;0.0;0.000327852686912;0.00272603646636;0.0;0.0;0.0;0.0;0.0;0.0;0.0;0.0;0.0;0.0;0.0;0.0;0.0;0.0;0.0;0.0;0.0;0.0;0.0;0.0;0.0;0.0;0.0;0.0;0.0;0.0;0.0;0.00106310465396
287785000000;104;287785000000;map;26.3064669524;-0.13998367211;0.0;0.0;0.0;-0.00333865714113;0.999994426669;0.00664063449995;0.000360601381312;0.0;0.0;0.0;0.0;0.000360601381312;0.0028245525541;0.0;0.0;0.0;0.0;0.0;0.0;0.0;0.0;0.0;0.0;0.0;0.0;0.0;0.0;0.0;0.0;0.0;0.0;0.0;0.0;0.0;0.0;0.0;0.0;0.0;0.0;0.0;0.00103744521385
288287000000;105;288287000000;map;26.5585063655;-0.140322765957;0.0;0.0;0.0;-0.00281038924832;0.999996050848;0.00682353288175;0.000449363554599;0.0;0.0;0.0;0.0;0.000449363554599;0.00276958716285;0.0;0.0;0.0;0.0;0.0;0.0;0.0;0.0;0.0;0.0;0.0;0.0;0.0;0.0;0.0;0.0;0.0;0.0;0.0;0.0;0.0;0.0;0.0;0.0;0.0;0.0;0.0;0.00100226897656
288808000000;106;288808000000;map;26.8186733863;-0.141652909043;0.0;0.0;0.0;-0.00250832456784;0.999996854149;0.00689032512605;0.000428513624165;0.0;0.0;0.0;0.0;0.000428513624165;0.00281770088708;0.0;0.0;0.0;0.0;0.0;0.0;0.0;0.0;0.0;0.0;0.0;0.0;0.0;0.0;0.0;0.0;0.0;0.0;0.0;0.0;0.0;0.0;0.0;0.0;0.0;0.0;0.0;0.0010218509105
289327000000;107;289327000000;map;27.0771490337;-0.143183550731;0.0;0.0;0.0;-0.00246637299956;0.999996958497;0.00697350226176;0.000511221399791;0.0;0.0;0.0;0.0;0.000511221399791;0.00287796120247;0.0;0.0;0.0;0.0;0.0;0.0;0.0;0.0;0.0;0.0;0.0;0.0;0.0;0.0;0.0;0.0;0.0;0.0;0.0;0.0;0.0;0.0;0.0;0.0;0.0;0.0;0.0;0.0010127240453
289832000000;108;289832000000;map;27.3284658802;-0.144519436241;0.0;0.0;0.0;-0.00255610862983;0.999996733149;0.00694717634326;0.000521365487478;0.0;0.0;0.0;0.0;0.000521365487478;0.00283093933953;0.0;0.0;0.0;0.0;0.0;0.0;0.0;0.0;0.0;0.0;0.0;0.0;0.0;0.0;0.0;0.0;0.0;0.0;0.0;0.0;0.0;0.0;0.0;0.0;0.0;0.0;0.0;0.00097490593512
290333000000;109;290333000000;map;27.5781240444;-0.146518699577;0.0;0.0;0.0;-0.00293504923591;0.999995692734;0.0068342713206;0.000565928709713;0.0;0.0;0.0;0.0;0.000565928709713;0.00284342401634;0.0;0.0;0.0;0.0;0.0;0.0;0.0;0.0;0.0;0.0;0.0;0.0;0.0;0.0;0.0;0.0;0.0;0.0;0.0;0.0;0.0;0.0;0.0;0.0;0.0;0.0;0.0;0.000964277619543
290834000000;110;290834000000;map;27.8281732482;-0.148370427042;0.0;0.0;0.0;-0.00276225264401;0.999996184973;0.00681872481653;0.000574160487272;0.0;0.0;0.0;0.0;0.000574160487271;0.00288768315366;0.0;0.0;0.0;0.0;0.0;0.0;0.0;0.0;0.0;0.0;0.0;0.0;0.0;0.0;0.0;0.0;0.0;0.0;0.0;0.0;0.0;0.0;0.0;0.0;0.0;0.0;0.0;0.000962714117914
291351000000;111;291351000000;map;28.0845054149;-0.149600197229;0.0;0.0;0.0;-0.00276418111563;0.999996179644;0.00680344279306;0.000595433885731;0.0;0.0;0.0;0.0;0.000595433885731;0.00286032419775;0.0;0.0;0.0;0.0;0.0;0.0;0.0;0.0;0.0;0.0;0.0;0.0;0.0;0.0;0.0;0.0;0.0;0.0;0.0;0.0;0.0;0.0;0.0;0.0;0.0;0.0;0.0;0.000960134661759
291870000000;112;291870000000;map;28.3457684594;-0.151432356583;0.0;0.0;0.0;-0.00273561829009;0.999996258189;0.00680827960116;0.000630571744385;0.0;0.0;0.0;0.0;0.000630571744384;0.002892730798;0.0;0.0;0.0;0.0;0.0;0.0;0.0;0.0;0.0;0.0;0.0;0.0;0.0;0.0;0.0;0.0;0.0;0.0;0.0;0.0;0.0;0.0;0.0;0.0;0.0;0.0;0.0;0.000948228663403
292376000000;113;292376000000;map;28.6000043402;-0.150840478427;0.0;0.0;0.0;-0.00245988742581;0.999996974472;0.00684540941973;0.000619208785045;0.0;0.0;0.0;0.0;0.000619208785045;0.00284258668527;0.0;0.0;0.0;0.0;0.0;0.0;0.0;0.0;0.0;0.0;0.0;0.0;0.0;0.0;0.0;0.0;0.0;0.0;0.0;0.0;0.0;0.0;0.0;0.0;0.0;0.0;0.0;0.000937609587211
292886000000;114;292886000000;map;28.8562649279;-0.150668285393;0.0;0.0;0.0;-0.00231115235552;0.999997329284;0.00677329160749;0.000571480294121;0.0;0.0;0.0;0.0;0.000571480294121;0.0026916989078;0.0;0.0;0.0;0.0;0.0;0.0;0.0;0.0;0.0;0.0;0.0;0.0;0.0;0.0;0.0;0.0;0.0;0.0;0.0;0.0;0.0;0.0;0.0;0.0;0.0;0.0;0.0;0.000961315634972
293398000000;115;293398000000;map;29.1114209398;-0.152004574619;0.0;0.0;0.0;-0.00192775524955;0.999998141878;0.00706843697913;0.00069341820525;0.0;0.0;0.0;0.0;0.000693418205251;0.00264767991854;0.0;0.0;0.0;0.0;0.0;0.0;0.0;0.0;0.0;0.0;0.0;0.0;0.0;0.0;0.0;0.0;0.0;0.0;0.0;0.0;0.0;0.0;0.0;0.0;0.0;0.0;0.0;0.000992613344837
293918000000;116;293918000000;map;29.371978185;-0.153527199177;0.0;0.0;0.0;-0.00258480476867;0.999996659387;0.00708763926639;0.000797269118202;0.0;0.0;0.0;0.0;0.000797269118201;0.00265448957087;0.0;0.0;0.0;0.0;0.0;0.0;0.0;0.0;0.0;0.0;0.0;0.0;0.0;0.0;0.0;0.0;0.0;0.0;0.0;0.0;0.0;0.0;0.0;0.0;0.0;0.0;0.0;0.00102674757587
294420000000;117;294420000000;map;29.6245912451;-0.154800945614;0.0;0.0;0.0;-0.00257881218576;0.999996674858;0.0071353295981;0.000812588338169;0.0;0.0;0.0;0.0;0.000812588338168;0.00267726953597;0.0;0.0;0.0;0.0;0.0;0.0;0.0;0.0;0.0;0.0;0.0;0.0;0.0;0.0;0.0;0.0;0.0;0.0;0.0;0.0;0.0;0.0;0.0;0.0;0.0;0.0;0.0;0.000999973174441
294940000000;118;294940000000;map;29.8852409465;-0.156915028241;0.0;0.0;0.0;-0.00277293921828;0.999996155397;0.00724800541889;0.000822620317017;0.0;0.0;0.0;0.0;0.000822620317017;0.00263947096646;0.0;0.0;0.0;0.0;0.0;0.0;0.0;0.0;0.0;0.0;0.0;0.0;0.0;0.0;0.0;0.0;0.0;0.0;0.0;0.0;0.0;0.0;0.0;0.0;0.0;0.0;0.0;0.000991050123763
295441000000;119;295441000000;map;30.1345902182;-0.158322114304;0.0;0.0;0.0;-0.00260821434659;0.999996598603;0.00740288266877;0.000755699058085;0.0;0.0;0.0;0.0;0.000755699058085;0.00258512396186;0.0;0.0;0.0;0.0;0.0;0.0;0.0;0.0;0.0;0.0;0.0;0.0;0.0;0.0;0.0;0.0;0.0;0.0;0.0;0.0;0.0;0.0;0.0;0.0;0.0;0.0;0.0;0.000945351964233
295943000000;120;295943000000;map;30.3851518706;-0.158527373213;0.0;0.0;0.0;-0.00239152425102;0.999997140302;0.00738011355702;0.000862188153246;0.0;0.0;0.0;0.0;0.000862188153246;0.0025007059461;0.0;0.0;0.0;0.0;0.0;0.0;0.0;0.0;0.0;0.0;0.0;0.0;0.0;0.0;0.0;0.0;0.0;0.0;0.0;0.0;0.0;0.0;0.0;0.0;0.0;0.0;0.0;0.000905428032147
296452000000;121;296452000000;map;30.6395497832;-0.160460633607;0.0;0.0;0.0;-0.00283674440404;0.999995976432;0.0073798617766;0.000829118557125;0.0;0.0;0.0;0.0;0.000829118557125;0.00252479382396;0.0;0.0;0.0;0.0;0.0;0.0;0.0;0.0;0.0;0.0;0.0;0.0;0.0;0.0;0.0;0.0;0.0;0.0;0.0;0.0;0.0;0.0;0.0;0.0;0.0;0.0;0.0;0.000951566435372
296959000000;122;296959000000;map;30.8903278418;-0.162382646842;0.0;0.0;0.0;-0.00296086505477;0.999995616629;0.00763685495792;0.000870871954743;0.0;0.0;0.0;0.0;0.000870871954742;0.00258345003138;0.0;0.0;0.0;0.0;0.0;0.0;0.0;0.0;0.0;0.0;0.0;0.0;0.0;0.0;0.0;0.0;0.0;0.0;0.0;0.0;0.0;0.0;0.0;0.0;0.0;0.0;0.0;0.000969560930047
297461000000;123;297461000000;map;31.1407842679;-0.165084971561;0.0;0.0;0.0;-0.0031854262975;0.999994926517;0.00756233502466;0.000913179712619;0.0;0.0;0.0;0.0;0.00091317971262;0.00268229160869;0.0;0.0;0.0;0.0;0.0;0.0;0.0;0.0;0.0;0.0;0.0;0.0;0.0;0.0;0.0;0.0;0.0;0.0;0.0;0.0;0.0;0.0;0.0;0.0;0.0;0.0;0.0;0.000984104777885
297964000000;124;297964000000;map;31.3900803773;-0.166915638406;0.0;0.0;0.0;-0.0027598495216;0.999996191608;0.00724128394609;0.00087936838656;0.0;0.0;0.0;0.0;0.00087936838656;0.00262694183318;0.0;0.0;0.0;0.0;0.0;0.0;0.0;0.0;0.0;0.0;0.0;0.0;0.0;0.0;0.0;0.0;0.0;0.0;0.0;0.0;0.0;0.0;0.0;0.0;0.0;0.0;0.0;0.000947141173944
298474000000;125;298474000000;map;31.6455200167;-0.167465449771;0.0;0.0;0.0;-0.0025082627763;0.999996854304;0.00729543248133;0.00091714203649;0.0;0.0;0.0;0.0;0.00091714203649;0.00271081717853;0.0;0.0;0.0;0.0;0.0;0.0;0.0;0.0;0.0;0.0;0.0;0.0;0.0;0.0;0.0;0.0;0.0;0.0;0.0;0.0;0.0;0.0;0.0;0.0;0.0;0.0;0.0;0.0010341747072
298980000000;126;298980000000;map;31.8969038486;-0.168183486528;0.0;0.0;0.0;-0.00258656946991;0.999996654824;0.00713184637698;0.000943650740096;0.0;0.0;0.0;0.0;0.000943650740096;0.00275877474864;0.0;0.0;0.0;0.0;0.0;0.0;0.0;0.0;0.0;0.0;0.0;0.0;0.0;0.0;0.0;0.0;0.0;0.0;0.0;0.0;0.0;0.0;0.0;0.0;0.0;0.0;0.0;0.000999616185108
299499000000;127;299499000000;map;32.1574440832;-0.171558199754;0.0;0.0;0.0;-0.00355886787423;0.99999366721;0.00706104095798;0.000874152671194;0.0;0.0;0.0;0.0;0.000874152671194;0.00282043392333;0.0;0.0;0.0;0.0;0.0;0.0;0.0;0.0;0.0;0.0;0.0;0.0;0.0;0.0;0.0;0.0;0.0;0.0;0.0;0.0;0.0;0.0;0.0;0.0;0.0;0.0;0.0;0.001009304831
300000000000;128;300000000000;map;32.4062729265;-0.172964187947;0.0;0.0;0.0;-0.00326431981802;0.999994672094;0.00708511171047;0.000792488000116;0.0;0.0;0.0;0.0;0.000792488000118;0.00281299550953;0.0;0.0;0.0;0.0;0.0;0.0;0.0;0.0;0.0;0.0;0.0;0.0;0.0;0.0;0.0;0.0;0.0;0.0;0.0;0.0;0.0;0.0;0.0;0.0;0.0;0.0;0.0;0.00100138549972
300502000000;129;300502000000;map;32.6557645737;-0.1754422876;0.0;0.0;0.0;-0.00354483489399;0.999993717053;0.00701345921152;0.000706675688784;0.0;0.0;0.0;0.0;0.000706675688784;0.0027238623309;0.0;0.0;0.0;0.0;0.0;0.0;0.0;0.0;0.0;0.0;0.0;0.0;0.0;0.0;0.0;0.0;0.0;0.0;0.0;0.0;0.0;0.0;0.0;0.0;0.0;0.0;0.0;0.00104291231075
301006000000;130;301006000000;map;32.9083704517;-0.17627337813;0.0;0.0;0.0;-0.00310948359404;0.999995165544;0.00685029018382;0.000724161359848;0.0;0.0;0.0;0.0;0.000724161359848;0.00263197957093;0.0;0.0;0.0;0.0;0.0;0.0;0.0;0.0;0.0;0.0;0.0;0.0;0.0;0.0;0.0;0.0;0.0;0.0;0.0;0.0;0.0;0.0;0.0;0.0;0.0;0.0;0.0;0.00103420195264
301515000000;131;301515000000;map;33.1636404356;-0.17839995062;0.0;0.0;0.0;-0.00315900479564;0.999995010332;0.00692891164567;0.000791334399312;0.0;0.0;0.0;0.0;0.000791334399312;0.00255185378895;0.0;0.0;0.0;0.0;0.0;0.0;0.0;0.0;0.0;0.0;0.0;0.0;0.0;0.0;0.0;0.0;0.0;0.0;0.0;0.0;0.0;0.0;0.0;0.0;0.0;0.0;0.0;0.00106665861474
302018000000;132;302018000000;map;33.4140602167;-0.180006051184;0.0;0.0;0.0;-0.00326645901274;0.999994665109;0.00708160545446;0.000901761917423;0.0;0.0;0.0;0.0;0.000901761917423;0.00252800687155;0.0;0.0;0.0;0.0;0.0;0.0;0.0;0.0;0.0;0.0;0.0;0.0;0.0;0.0;0.0;0.0;0.0;0.0;0.0;0.0;0.0;0.0;0.0;0.0;0.0;0.0;0.0;0.00106463215695
302529000000;133;302529000000;map;33.6703916727;-0.182167733285;0.0;0.0;0.0;-0.0031489334367;0.999995042097;0.00695332889018;0.000937461110613;0.0;0.0;0.0;0.0;0.000937461110613;0.00249641144106;0.0;0.0;0.0;0.0;0.0;0.0;0.0;0.0;0.0;0.0;0.0;0.0;0.0;0.0;0.0;0.0;0.0;0.0;0.0;0.0;0.0;0.0;0.0;0.0;0.0;0.0;0.0;0.00102358932259
303031000000;134;303031000000;map;33.9190462895;-0.183265895522;0.0;0.0;0.0;-0.00298276873487;0.999995551535;0.0066904915775;0.000865798438049;0.0;0.0;0.0;0.0;0.000865798438049;0.00248044855835;0.0;0.0;0.0;0.0;0.0;0.0;0.0;0.0;0.0;0.0;0.0;0.0;0.0;0.0;0.0;0.0;0.0;0.0;0.0;0.0;0.0;0.0;0.0;0.0;0.0;0.0;0.0;0.00102683701683
303533000000;135;303533000000;map;34.1700313343;-0.186284107627;0.0;0.0;0.0;-0.00328240528433;0.999994612893;0.00677882284413;0.000957156407453;0.0;0.0;0.0;0.0;0.000957156407451;0.00249855155082;0.0;0.0;0.0;0.0;0.0;0.0;0.0;0.0;0.0;0.0;0.0;0.0;0.0;0.0;0.0;0.0;0.0;0.0;0.0;0.0;0.0;0.0;0.0;0.0;0.0;0.0;0.0;0.000999679998148
304033000000;136;304033000000;map;34.4194415184;-0.188655128808;0.0;0.0;0.0;-0.00333652402517;0.999994433788;0.00685137624328;0.000970225210381;0.0;0.0;0.0;0.0;0.000970225210382;0.00254419043559;0.0;0.0;0.0;0.0;0.0;0.0;0.0;0.0;0.0;0.0;0.0;0.0;0.0;0.0;0.0;0.0;0.0;0.0;0.0;0.0;0.0;0.0;0.0;0.0;0.0;0.0;0.0;0.000979878436763
304537000000;137;304537000000;map;34.6694405149;-0.18992334767;0.0;0.0;0.0;-0.00332144747851;0.999994483978;0.00691783066623;0.00109638297392;0.0;0.0;0.0;0.0;0.00109638297392;0.00251903643882;0.0;0.0;0.0;0.0;0.0;0.0;0.0;0.0;0.0;0.0;0.0;0.0;0.0;0.0;0.0;0.0;0.0;0.0;0.0;0.0;0.0;0.0;0.0;0.0;0.0;0.0;0.0;0.00100513217664
305043000000;138;305043000000;map;34.9215851058;-0.1923386887;0.0;0.0;0.0;-0.00356825789657;0.999993633748;0.00710233537757;0.00106243191267;0.0;0.0;0.0;0.0;0.00106243191267;0.00250631271247;0.0;0.0;0.0;0.0;0.0;0.0;0.0;0.0;0.0;0.0;0.0;0.0;0.0;0.0;0.0;0.0;0.0;0.0;0.0;0.0;0.0;0.0;0.0;0.0;0.0;0.0;0.0;0.00104176311642
305545000000;139;305545000000;map;35.1753467373;-0.194667726636;0.0;0.0;0.0;-0.00347339922071;0.999993967731;0.00703915670738;0.000988602455986;0.0;0.0;0.0;0.0;0.000988602455986;0.00251648347317;0.0;0.0;0.0;0.0;0.0;0.0;0.0;0.0;0.0;0.0;0.0;0.0;0.0;0.0;0.0;0.0;0.0;0.0;0.0;0.0;0.0;0.0;0.0;0.0;0.0;0.0;0.0;0.00100899479055
306048000000;140;306048000000;map;35.4274622151;-0.196207365421;0.0;0.0;0.0;-0.00374440832499;0.999992989679;0.00686842580149;0.000904822370626;0.0;0.0;0.0;0.0;0.000904822370626;0.00246933490105;0.0;0.0;0.0;0.0;0.0;0.0;0.0;0.0;0.0;0.0;0.0;0.0;0.0;0.0;0.0;0.0;0.0;0.0;0.0;0.0;0.0;0.0;0.0;0.0;0.0;0.0;0.0;0.00103184611379
306549000000;141;306549000000;map;35.6793764297;-0.198474289557;0.0;0.0;0.0;-0.00358999899903;0.999993555933;0.00722540888773;0.00102383174205;0.0;0.0;0.0;0.0;0.00102383174205;0.00264960690262;0.0;0.0;0.0;0.0;0.0;0.0;0.0;0.0;0.0;0.0;0.0;0.0;0.0;0.0;0.0;0.0;0.0;0.0;0.0;0.0;0.0;0.0;0.0;0.0;0.0;0.0;0.0;0.00108252983864
307055000000;142;307055000000;map;35.9329744869;-0.201575936187;0.0;0.0;0.0;-0.00400497633834;0.99999198005;0.0072690414072;0.00111776832949;0.0;0.0;0.0;0.0;0.00111776832949;0.00264721792241;0.0;0.0;0.0;0.0;0.0;0.0;0.0;0.0;0.0;0.0;0.0;0.0;0.0;0.0;0.0;0.0;0.0;0.0;0.0;0.0;0.0;0.0;0.0;0.0;0.0;0.0;0.0;0.00108662590802
307556000000;143;307556000000;map;36.1829798814;-0.205719411918;0.0;0.0;0.0;-0.0039393593739;0.999992240694;0.00704958943356;0.0010479937637;0.0;0.0;0.0;0.0;0.0010479937637;0.00265233893593;0.0;0.0;0.0;0.0;0.0;0.0;0.0;0.0;0.0;0.0;0.0;0.0;0.0;0.0;0.0;0.0;0.0;0.0;0.0;0.0;0.0;0.0;0.0;0.0;0.0;0.0;0.0;0.00107747087906
308056000000;144;308056000000;map;36.4304939149;-0.20937526219;0.0;0.0;0.0;-0.00396130457023;0.999992154002;0.00705748333962;0.00103162931818;0.0;0.0;0.0;0.0;0.00103162931818;0.0027680514667;0.0;0.0;0.0;0.0;0.0;0.0;0.0;0.0;0.0;0.0;0.0;0.0;0.0;0.0;0.0;0.0;0.0;0.0;0.0;0.0;0.0;0.0;0.0;0.0;0.0;0.0;0.0;0.00110420033913
308564000000;145;308564000000;map;36.6830837264;-0.212466895468;0.0;0.0;0.0;-0.00422980051037;0.999991054354;0.00704209434775;0.00109496082314;0.0;0.0;0.0;0.0;0.00109496082314;0.00287379972149;0.0;0.0;0.0;0.0;0.0;0.0;0.0;0.0;0.0;0.0;0.0;0.0;0.0;0.0;0.0;0.0;0.0;0.0;0.0;0.0;0.0;0.0;0.0;0.0;0.0;0.0;0.0;0.00110842685498
309073000000;146;309073000000;map;36.9372309658;-0.215620186504;0.0;0.0;0.0;-0.00435672709224;0.999990509419;0.00681882774325;0.00112811253555;0.0;0.0;0.0;0.0;0.00112811253555;0.00294422710732;0.0;0.0;0.0;0.0;0.0;0.0;0.0;0.0;0.0;0.0;0.0;0.0;0.0;0.0;0.0;0.0;0.0;0.0;0.0;0.0;0.0;0.0;0.0;0.0;0.0;0.0;0.0;0.0010944895018
310040000000;147;310040000000;map;36.9868321934;-0.216098098027;0.0;0.0;0.0;0.09674070876;0.995309617792;0.00691732707696;0.00122943003634;0.0;0.0;0.0;0.0;0.00122943003634;0.00279642031981;0.0;0.0;0.0;0.0;0.0;0.0;0.0;0.0;0.0;0.0;0.0;0.0;0.0;0.0;0.0;0.0;0.0;0.0;0.0;0.0;0.0;0.0;0.0;0.0;0.0;0.0;0.0;0.000927891309436
310925000000;148;310925000000;map;36.9853806647;-0.216603231914;0.0;0.0;0.0;0.198021685406;0.98019763931;0.0068087082966;0.00119895130268;0.0;0.0;0.0;0.0;0.00119895130268;0.00257823331128;0.0;0.0;0.0;0.0;0.0;0.0;0.0;0.0;0.0;0.0;0.0;0.0;0.0;0.0;0.0;0.0;0.0;0.0;0.0;0.0;0.0;0.0;0.0;0.0;0.0;0.0;0.0;0.000817816450299
311829000000;149;311829000000;map;36.9872313126;-0.216749274353;0.0;0.0;0.0;0.296517398484;0.955027451122;0.00653007831306;0.00110057803511;0.0;0.0;0.0;0.0;0.00110057803511;0.00234981475042;0.0;0.0;0.0;0.0;0.0;0.0;0.0;0.0;0.0;0.0;0.0;0.0;0.0;0.0;0.0;0.0;0.0;0.0;0.0;0.0;0.0;0.0;0.0;0.0;0.0;0.0;0.0;0.00068906097264
312721000000;150;312721000000;map;36.9882757661;-0.216435218549;0.0;0.0;0.0;0.390109413469;0.920768508108;0.00638157426715;0.0011104232983;0.0;0.0;0.0;0.0;0.0011104232983;0.00218214828009;0.0;0.0;0.0;0.0;0.0;0.0;0.0;0.0;0.0;0.0;0.0;0.0;0.0;0.0;0.0;0.0;0.0;0.0;0.0;0.0;0.0;0.0;0.0;0.0;0.0;0.0;0.0;0.00061468897489
313619000000;151;313619000000;map;36.9914312974;-0.216289307333;0.0;0.0;0.0;0.481363876704;0.876520860108;0.00609447667807;0.00104504643583;0.0;0.0;0.0;0.0;0.00104504643583;0.00206933925754;0.0;0.0;0.0;0.0;0.0;0.0;0.0;0.0;0.0;0.0;0.0;0.0;0.0;0.0;0.0;0.0;0.0;0.0;0.0;0.0;0.0;0.0;0.0;0.0;0.0;0.0;0.0;0.000577731419118
314483000000;152;314483000000;map;36.9934848212;-0.215249068592;0.0;0.0;0.0;0.56814872664;0.822925892421;0.00621033083257;0.00117088254651;0.0;0.0;0.0;0.0;0.00117088254651;0.00212105685119;0.0;0.0;0.0;0.0;0.0;0.0;0.0;0.0;0.0;0.0;0.0;0.0;0.0;0.0;0.0;0.0;0.0;0.0;0.0;0.0;0.0;0.0;0.0;0.0;0.0;0.0;0.0;0.000525139398642
315346000000;153;315346000000;map;36.9965542488;-0.212097947618;0.0;0.0;0.0;0.649056941669;0.760739828372;0.00606797087812;0.00111628013155;0.0;0.0;0.0;0.0;0.00111628013155;0.00201603089218;0.0;0.0;0.0;0.0;0.0;0.0;0.0;0.0;0.0;0.0;0.0;0.0;0.0;0.0;0.0;0.0;0.0;0.0;0.0;0.0;0.0;0.0;0.0;0.0;0.0;0.0;0.0;0.000499256536804
316210000000;154;316210000000;map;37.0000386089;-0.209555153765;0.0;0.0;0.0;0.723074566397;0.690769984459;0.00598060224229;0.00106160025225;0.0;0.0;0.0;0.0;0.00106160025225;0.00201902159021;0.0;0.0;0.0;0.0;0.0;0.0;0.0;0.0;0.0;0.0;0.0;0.0;0.0;0.0;0.0;0.0;0.0;0.0;0.0;0.0;0.0;0.0;0.0;0.0;0.0;0.0;0.0;0.000462975432977
317157000000;155;317157000000;map;36.9856718503;0.0516350577327;0.0;0.0;0.0;0.730962342056;0.682417800542;0.00563463720709;0.000898384794127;0.0;0.0;0.0;0.0;0.000898384794127;0.00198896886709;0.0;0.0;0.0;0.0;0.0;0.0;0.0;0.0;0.0;0.0;0.0;0.0;0.0;0.0;0.0;0.0;0.0;0.0;0.0;0.0;0.0;0.0;0.0;0.0;0.0;0.0;0.0;0.000664776119295
317666000000;156;317666000000;map;36.9711083476;0.308359356721;0.0;0.0;0.0;0.730547230362;0.682862170727;0.00542320505497;0.000796898975471;0.0;0.0;0.0;0.0;0.000796898975471;0.00200921619056;0.0;0.0;0.0;0.0;0.0;0.0;0.0;0.0;0.0;0.0;0.0;0.0;0.0;0.0;0.0;0.0;0.0;0.0;0.0;0.0;0.0;0.0;0.0;0.0;0.0;0.0;0.0;0.000785443309726
318168000000;157;318168000000;map;36.9574705181;0.560436380768;0.0;0.0;0.0;0.730145888845;0.683291285619;0.00542653681805;0.000716170737789;0.0;0.0;0.0;0.0;0.000716170737789;0.00200440002547;0.0;0.0;0.0;0.0;0.0;0.0;0.0;0.0;0.0;0.0;0.0;0.0;0.0;0.0;0.0;0.0;0.0;0.0;0.0;0.0;0.0;0.0;0.0;0.0;0.0;0.0;0.0;0.000870123018718
318674000000;158;318674000000;map;36.944810171;0.815650770098;0.0;0.0;0.0;0.729630866934;0.683841208189;0.00539223516967;0.000726004685824;0.0;0.0;0.0;0.0;0.000726004685824;0.00210169946879;0.0;0.0;0.0;0.0;0.0;0.0;0.0;0.0;0.0;0.0;0.0;0.0;0.0;0.0;0.0;0.0;0.0;0.0;0.0;0.0;0.0;0.0;0.0;0.0;0.0;0.0;0.0;0.000910702015881
319177000000;159;319177000000;map;36.9319739036;1.06876734688;0.0;0.0;0.0;0.729497693584;0.683983271035;0.0053000313726;0.000638703113474;0.0;0.0;0.0;0.0;0.000638703113481;0.00218680968865;0.0;0.0;0.0;0.0;0.0;0.0;0.0;0.0;0.0;0.0;0.0;0.0;0.0;0.0;0.0;0.0;0.0;0.0;0.0;0.0;0.0;0.0;0.0;0.0;0.0;0.0;0.0;0.000908902143836
319680000000;160;319680000000;map;36.9195748943;1.32198924469;0.0;0.0;0.0;0.729499630282;0.683981205457;0.00524686321592;0.00063299266867;0.0;0.0;0.0;0.0;0.000632992668663;0.00223534600765;0.0;0.0;0.0;0.0;0.0;0.0;0.0;0.0;0.0;0.0;0.0;0.0;0.0;0.0;0.0;0.0;0.0;0.0;0.0;0.0;0.0;0.0;0.0;0.0;0.0;0.0;0.0;0.00095172591481
320184000000;161;320184000000;map;36.9077604997;1.57524579373;0.0;0.0;0.0;0.729586305516;0.683888750312;0.00511934553947;0.000536651085376;0.0;0.0;0.0;0.0;0.000536651085383;0.00239721024534;0.0;0.0;0.0;0.0;0.0;0.0;0.0;0.0;0.0;0.0;0.0;0.0;0.0;0.0;0.0;0.0;0.0;0.0;0.0;0.0;0.0;0.0;0.0;0.0;0.0;0.0;0.0;0.000930824780406
320687000000;162;320687000000;map;36.895470147;1.82873619523;0.0;0.0;0.0;0.729382087099;0.684106549464;0.00500917930754;0.000484574490727;0.0;0.0;0.0;0.0;0.000484574490727;0.00239085043996;0.0;0.0;0.0;0.0;0.0;0.0;0.0;0.0;0.0;0.0;0.0;0.0;0.0;0.0;0.0;0.0;0.0;0.0;0.0;0.0;0.0;0.0;0.0;0.0;0.0;0.0;0.0;0.000963199356268
322655000000;163;322655000000;map;36.8939420625;2.08132968654;0.0;0.0;0.0;0.697265093278;0.716813357644;0.00484152575564;0.000436979946841;0.0;0.0;0.0;0.0;0.000436979946841;0.00237474649171;0.0;0.0;0.0;0.0;0.0;0.0;0.0;0.0;0.0;0.0;0.0;0.0;0.0;0.0;0.0;0.0;0.0;0.0;0.0;0.0;0.0;0.0;0.0;0.0;0.0;0.0;0.0;0.00101074694857
323163000000;164;323163000000;map;36.9019569291;2.33682460386;0.0;0.0;0.0;0.697694603061;0.716395310467;0.0049500305056;0.000506531511633;0.0;0.0;0.0;0.0;0.000506531511633;0.00247722775148;0.0;0.0;0.0;0.0;0.0;0.0;0.0;0.0;0.0;0.0;0.0;0.0;0.0;0.0;0.0;0.0;0.0;0.0;0.0;0.0;0.0;0.0;0.0;0.0;0.0;0.0;0.0;0.000980609398988
323682000000;165;323682000000;map;36.9107166524;2.59778958563;0.0;0.0;0.0;0.697761264708;0.716330382906;0.0050085011967;0.000459774775805;0.0;0.0;0.0;0.0;0.000459774775805;0.00257659249183;0.0;0.0;0.0;0.0;0.0;0.0;0.0;0.0;0.0;0.0;0.0;0.0;0.0;0.0;0.0;0.0;0.0;0.0;0.0;0.0;0.0;0.0;0.0;0.0;0.0;0.0;0.0;0.000981199135711
324185000000;166;324185000000;map;36.9176154475;2.8499370452;0.0;0.0;0.0;0.697601318487;0.716486148118;0.00473742914323;0.000428866192749;0.0;0.0;0.0;0.0;0.000428866192749;0.00255946223715;0.0;0.0;0.0;0.0;0.0;0.0;0.0;0.0;0.0;0.0;0.0;0.0;0.0;0.0;0.0;0.0;0.0;0.0;0.0;0.0;0.0;0.0;0.0;0.0;0.0;0.0;0.0;0.00092022270937
324687000000;167;324687000000;map;36.9247238916;3.10192826142;0.0;0.0;0.0;0.697580280511;0.716506630982;0.00452557570566;0.000452861585046;0.0;0.0;0.0;0.0;0.000452861585046;0.00259163004081;0.0;0.0;0.0;0.0;0.0;0.0;0.0;0.0;0.0;0.0;0.0;0.0;0.0;0.0;0.0;0.0;0.0;0.0;0.0;0.0;0.0;0.0;0.0;0.0;0.0;0.0;0.0;0.000924433889793
325208000000;168;325208000000;map;36.9349367891;3.36341705796;0.0;0.0;0.0;0.697296943157;0.716782374967;0.00444507763723;0.000390365027101;0.0;0.0;0.0;0.0;0.000390365027116;0.00268931283824;0.0;0.0;0.0;0.0;0.0;0.0;0.0;0.0;0.0;0.0;0.0;0.0;0.0;0.0;0.0;0.0;0.0;0.0;0.0;0.0;0.0;0.0;0.0;0.0;0.0;0.0;0.0;0.000963214167757
325727000000;169;325727000000;map;36.9444908825;3.62429740929;0.0;0.0;0.0;0.697292281058;0.7167869103;0.00459029243257;0.000299804860646;0.0;0.0;0.0;0.0;0.000299804860674;0.0027267654348;0.0;0.0;0.0;0.0;0.0;0.0;0.0;0.0;0.0;0.0;0.0;0.0;0.0;0.0;0.0;0.0;0.0;0.0;0.0;0.0;0.0;0.0;0.0;0.0;0.0;0.0;0.0;0.00100601244366
326229000000;170;326229000000;map;36.9518196189;3.87644439138;0.0;0.0;0.0;0.697710938483;0.716379401101;0.00454485920591;0.000287453395146;0.0;0.0;0.0;0.0;0.000287453395146;0.00268642448871;0.0;0.0;0.0;0.0;0.0;0.0;0.0;0.0;0.0;0.0;0.0;0.0;0.0;0.0;0.0;0.0;0.0;0.0;0.0;0.0;0.0;0.0;0.0;0.0;0.0;0.0;0.0;0.000963780784319
326738000000;171;326738000000;map;36.9603443649;4.13193643331;0.0;0.0;0.0;0.697807855327;0.716284997082;0.00438155246729;0.000238969520069;0.0;0.0;0.0;0.0;0.000238969520069;0.00266070398689;0.0;0.0;0.0;0.0;0.0;0.0;0.0;0.0;0.0;0.0;0.0;0.0;0.0;0.0;0.0;0.0;0.0;0.0;0.0;0.0;0.0;0.0;0.0;0.0;0.0;0.0;0.0;0.000983091735942
327258000000;172;327258000000;map;36.9688757687;4.39287709527;0.0;0.0;0.0;0.698205279424;0.715897609847;0.00432585494423;0.000194974419145;0.0;0.0;0.0;0.0;0.000194974419145;0.00270679063889;0.0;0.0;0.0;0.0;0.0;0.0;0.0;0.0;0.0;0.0;0.0;0.0;0.0;0.0;0.0;0.0;0.0;0.0;0.0;0.0;0.0;0.0;0.0;0.0;0.0;0.0;0.0;0.00102764038418
327763000000;173;327763000000;map;36.9766919235;4.6461948119;0.0;0.0;0.0;0.698280765701;0.715823981333;0.00431768543945;0.000180086243432;0.0;0.0;0.0;0.0;0.000180086243432;0.00274115052208;0.0;0.0;0.0;0.0;0.0;0.0;0.0;0.0;0.0;0.0;0.0;0.0;0.0;0.0;0.0;0.0;0.0;0.0;0.0;0.0;0.0;0.0;0.0;0.0;0.0;0.0;0.0;0.00103810850933
328282000000;174;328282000000;map;36.9837199625;4.90662334966;0.0;0.0;0.0;0.698143169061;0.71595817999;0.00422207645715;0.000177057987628;0.0;0.0;0.0;0.0;0.000177057987628;0.00274379375367;0.0;0.0;0.0;0.0;0.0;0.0;0.0;0.0;0.0;0.0;0.0;0.0;0.0;0.0;0.0;0.0;0.0;0.0;0.0;0.0;0.0;0.0;0.0;0.0;0.0;0.0;0.0;0.00107795591849
328787000000;175;328787000000;map;36.9893706644;5.15932742328;0.0;0.0;0.0;0.69834494806;0.715761366322;0.00417918376002;0.000129848925098;0.0;0.0;0.0;0.0;0.000129848925098;0.00269474825188;0.0;0.0;0.0;0.0;0.0;0.0;0.0;0.0;0.0;0.0;0.0;0.0;0.0;0.0;0.0;0.0;0.0;0.0;0.0;0.0;0.0;0.0;0.0;0.0;0.0;0.0;0.0;0.00111339291293
329288000000;176;329288000000;map;36.9972882577;5.41009427429;0.0;0.0;0.0;0.698304671214;0.715800660912;0.00425074593545;0.000151783080753;0.0;0.0;0.0;0.0;0.000151783080753;0.00274749303733;0.0;0.0;0.0;0.0;0.0;0.0;0.0;0.0;0.0;0.0;0.0;0.0;0.0;0.0;0.0;0.0;0.0;0.0;0.0;0.0;0.0;0.0;0.0;0.0;0.0;0.0;0.0;0.00112169542038
329789000000;177;329789000000;map;37.005584209;5.66010300607;0.0;0.0;0.0;0.697980962137;0.71611631492;0.00431422949237;0.000124242951983;0.0;0.0;0.0;0.0;0.000124242951983;0.0027495019085;0.0;0.0;0.0;0.0;0.0;0.0;0.0;0.0;0.0;0.0;0.0;0.0;0.0;0.0;0.0;0.0;0.0;0.0;0.0;0.0;0.0;0.0;0.0;0.0;0.0;0.0;0.0;0.00110204509703
330294000000;178;330294000000;map;37.0138319889;5.91287286108;0.0;0.0;0.0;0.697696579212;0.716393385896;0.00428201060731;6.60443982667e-05;0.0;0.0;0.0;0.0;6.60443982952e-05;0.00272754928232;0.0;0.0;0.0;0.0;0.0;0.0;0.0;0.0;0.0;0.0;0.0;0.0;0.0;0.0;0.0;0.0;0.0;0.0;0.0;0.0;0.0;0.0;0.0;0.0;0.0;0.0;0.0;0.00112455860609
330815000000;179;330815000000;map;37.0247051084;6.17373766688;0.0;0.0;0.0;0.697316806354;0.716763051207;0.00424926963092;2.56012868078e-05;0.0;0.0;0.0;0.0;2.5601286751e-05;0.00284184792102;0.0;0.0;0.0;0.0;0.0;0.0;0.0;0.0;0.0;0.0;0.0;0.0;0.0;0.0;0.0;0.0;0.0;0.0;0.0;0.0;0.0;0.0;0.0;0.0;0.0;0.0;0.0;0.00113833343003
331319000000;180;331319000000;map;37.0339091052;6.4257466459;0.0;0.0;0.0;0.697118491707;0.716955932063;0.0041226716944;-8.94103839926e-05;0.0;0.0;0.0;0.0;-8.9410384021e-05;0.00289492257399;0.0;0.0;0.0;0.0;0.0;0.0;0.0;0.0;0.0;0.0;0.0;0.0;0.0;0.0;0.0;0.0;0.0;0.0;0.0;0.0;0.0;0.0;0.0;0.0;0.0;0.0;0.0;0.00116366497574
331838000000;181;331838000000;map;37.0424028605;6.68584369693;0.0;0.0;0.0;0.697395529601;0.716686455357;0.0040471242512;-0.000103803749766;0.0;0.0;0.0;0.0;-0.000103803749738;0.00302987147982;0.0;0.0;0.0;0.0;0.0;0.0;0.0;0.0;0.0;0.0;0.0;0.0;0.0;0.0;0.0;0.0;0.0;0.0;0.0;0.0;0.0;0.0;0.0;0.0;0.0;0.0;0.0;0.00129031694642
332339000000;182;332339000000;map;37.0517709673;6.93559241523;0.0;0.0;0.0;0.697162114934;0.716913513264;0.00393706501927;-0.000154194289678;0.0;0.0;0.0;0.0;-0.000154194289678;0.00311539811833;0.0;0.0;0.0;0.0;0.0;0.0;0.0;0.0;0.0;0.0;0.0;0.0;0.0;0.0;0.0;0.0;0.0;0.0;0.0;0.0;0.0;0.0;0.0;0.0;0.0;0.0;0.0;0.00132728591747
332841000000;183;332841000000;map;37.0602326944;7.18586873344;0.0;0.0;0.0;0.697308806685;0.716770833754;0.00396334768925;-0.000319834097411;0.0;0.0;0.0;0.0;-0.000319834097411;0.00323654788115;0.0;0.0;0.0;0.0;0.0;0.0;0.0;0.0;0.0;0.0;0.0;0.0;0.0;0.0;0.0;0.0;0.0;0.0;0.0;0.0;0.0;0.0;0.0;0.0;0.0;0.0;0.0;0.00137342341393
333350000000;184;333350000000;map;37.069920718;7.43936515648;0.0;0.0;0.0;0.697030374179;0.717041600936;0.00411732549696;-0.000405595048107;0.0;0.0;0.0;0.0;-0.000405595048107;0.00336500379961;0.0;0.0;0.0;0.0;0.0;0.0;0.0;0.0;0.0;0.0;0.0;0.0;0.0;0.0;0.0;0.0;0.0;0.0;0.0;0.0;0.0;0.0;0.0;0.0;0.0;0.0;0.0;0.00143196246649
333851000000;185;333851000000;map;37.0779246543;7.68995117578;0.0;0.0;0.0;0.696836947984;0.717229578256;0.00408164622172;-0.000405774455942;0.0;0.0;0.0;0.0;-0.000405774455942;0.00346533769773;0.0;0.0;0.0;0.0;0.0;0.0;0.0;0.0;0.0;0.0;0.0;0.0;0.0;0.0;0.0;0.0;0.0;0.0;0.0;0.0;0.0;0.0;0.0;0.0;0.0;0.0;0.0;0.00137262603474
334352000000;186;334352000000;map;37.0862392755;7.93946289493;0.0;0.0;0.0;0.69709193235;0.716981755593;0.00415888667771;-0.000321018039472;0.0;0.0;0.0;0.0;-0.000321018039472;0.00351822910853;0.0;0.0;0.0;0.0;0.0;0.0;0.0;0.0;0.0;0.0;0.0;0.0;0.0;0.0;0.0;0.0;0.0;0.0;0.0;0.0;0.0;0.0;0.0;0.0;0.0;0.0;0.0;0.00131252893088
334857000000;187;334857000000;map;37.0931569224;8.19331113937;0.0;0.0;0.0;0.697299323782;0.716780059051;0.00430702624476;-0.000249124894083;0.0;0.0;0.0;0.0;-0.000249124894083;0.00360915769186;0.0;0.0;0.0;0.0;0.0;0.0;0.0;0.0;0.0;0.0;0.0;0.0;0.0;0.0;0.0;0.0;0.0;0.0;0.0;0.0;0.0;0.0;0.0;0.0;0.0;0.0;0.0;0.00128638722674
335361000000;188;335361000000;map;37.0996763832;8.444502589;0.0;0.0;0.0;0.697771222238;0.716320683365;0.00422801214495;-0.000227159484155;0.0;0.0;0.0;0.0;-0.000227159484155;0.00353927497446;0.0;0.0;0.0;0.0;0.0;0.0;0.0;0.0;0.0;0.0;0.0;0.0;0.0;0.0;0.0;0.0;0.0;0.0;0.0;0.0;0.0;0.0;0.0;0.0;0.0;0.0;0.0;0.00123679280465
335864000000;189;335864000000;map;37.1049009196;8.6978484394;0.0;0.0;0.0;0.698185563797;0.715916837702;0.00427965266272;-0.000127652862204;0.0;0.0;0.0;0.0;-0.000127652862204;0.00342715166235;0.0;0.0;0.0;0.0;0.0;0.0;0.0;0.0;0.0;0.0;0.0;0.0;0.0;0.0;0.0;0.0;0.0;0.0;0.0;0.0;0.0;0.0;0.0;0.0;0.0;0.0;0.0;0.00116767950731
336367000000;190;336367000000;map;37.1111363114;8.94862210569;0.0;0.0;0.0;0.698196847676;0.71590583312;0.0043330316546;-0.000107022628129;0.0;0.0;0.0;0.0;-0.000107022628129;0.00341045075767;0.0;0.0;0.0;0.0;0.0;0.0;0.0;0.0;0.0;0.0;0.0;0.0;0.0;0.0;0.0;0.0;0.0;0.0;0.0;0.0;0.0;0.0;0.0;0.0;0.0;0.0;0.0;0.00115441574252
336871000000;191;336871000000;map;37.1187579414;9.20017098924;0.0;0.0;0.0;0.697989272683;0.716108214741;0.00406136582797;-1.34939390364e-05;0.0;0.0;0.0;0.0;-1.34939390932e-05;0.00332504292236;0.0;0.0;0.0;0.0;0.0;0.0;0.0;0.0;0.0;0.0;0.0;0.0;0.0;0.0;0.0;0.0;0.0;0.0;0.0;0.0;0.0;0.0;0.0;0.0;0.0;0.0;0.0;0.00111208263138
337391000000;192;337391000000;map;37.1258149424;9.45975552558;0.0;0.0;0.0;0.697905577527;0.716189782709;0.00404084686352;-5.77744172574e-05;0.0;0.0;0.0;0.0;-5.77744173142e-05;0.00332761036832;0.0;0.0;0.0;0.0;0.0;0.0;0.0;0.0;0.0;0.0;0.0;0.0;0.0;0.0;0.0;0.0;0.0;0.0;0.0;0.0;0.0;0.0;0.0;0.0;0.0;0.0;0.0;0.00111285498172
337892000000;193;337892000000;map;37.1312816943;9.71032885683;0.0;0.0;0.0;0.698194489041;0.715908133403;0.00408523917781;-7.75234001935e-05;0.0;0.0;0.0;0.0;-7.75234002504e-05;0.00318160415156;0.0;0.0;0.0;0.0;0.0;0.0;0.0;0.0;0.0;0.0;0.0;0.0;0.0;0.0;0.0;0.0;0.0;0.0;0.0;0.0;0.0;0.0;0.0;0.0;0.0;0.0;0.0;0.00108063726885
338393000000;194;338393000000;map;37.1387710113;9.96038594898;0.0;0.0;0.0;0.698026817297;0.71607161816;0.00410585576174;-4.4767229781e-05;0.0;0.0;0.0;0.0;-4.4767229781e-05;0.00317868315513;0.0;0.0;0.0;0.0;0.0;0.0;0.0;0.0;0.0;0.0;0.0;0.0;0.0;0.0;0.0;0.0;0.0;0.0;0.0;0.0;0.0;0.0;0.0;0.0;0.0;0.0;0.0;0.00102600342417
338895000000;195;338895000000;map;37.1441101899;10.2119579359;0.0;0.0;0.0;0.698223006645;0.7158803203;0.00404377368432;-1.90902514419e-05;0.0;0.0;0.0;0.0;-1.90902514419e-05;0.0031412980955;0.0;0.0;0.0;0.0;0.0;0.0;0.0;0.0;0.0;0.0;0.0;0.0;0.0;0.0;0.0;0.0;0.0;0.0;0.0;0.0;0.0;0.0;0.0;0.0;0.0;0.0;0.0;0.00100067503654
339397000000;196;339397000000;map;37.150611237;10.4638963553;0.0;0.0;0.0;0.698020794109;0.716077489516;0.0039687617375;-7.51619341486e-05;0.0;0.0;0.0;0.0;-7.51619340917e-05;0.00311073783423;0.0;0.0;0.0;0.0;0.0;0.0;0.0;0.0;0.0;0.0;0.0;0.0;0.0;0.0;0.0;0.0;0.0;0.0;0.0;0.0;0.0;0.0;0.0;0.0;0.0;0.0;0.0;0.000929074703077
339908000000;197;339908000000;map;37.1574155006;10.720373264;0.0;0.0;0.0;0.698110775649;0.715989765934;0.00409116064043;-0.000120325814635;0.0;0.0;0.0;0.0;-0.000120325814692;0.00320673888378;0.0;0.0;0.0;0.0;0.0;0.0;0.0;0.0;0.0;0.0;0.0;0.0;0.0;0.0;0.0;0.0;0.0;0.0;0.0;0.0;0.0;0.0;0.0;0.0;0.0;0.0;0.0;0.000934563781265
340411000000;198;340411000000;map;37.1640354981;10.9731196691;0.0;0.0;0.0;0.698247003371;0.715856914672;0.0040946837421;-8.25579074331e-05;0.0;0.0;0.0;0.0;-8.25579075467e-05;0.00321261520142;0.0;0.0;0.0;0.0;0.0;0.0;0.0;0.0;0.0;0.0;0.0;0.0;0.0;0.0;0.0;0.0;0.0;0.0;0.0;0.0;0.0;0.0;0.0;0.0;0.0;0.0;0.0;0.000926972390244
340916000000;199;340916000000;map;37.1692568156;11.2259122093;0.0;0.0;0.0;0.698221687396;0.715881607006;0.00397042446957;-0.000156163625604;0.0;0.0;0.0;0.0;-0.000156163625604;0.00315039048353;0.0;0.0;0.0;0.0;0.0;0.0;0.0;0.0;0.0;0.0;0.0;0.0;0.0;0.0;0.0;0.0;0.0;0.0;0.0;0.0;0.0;0.0;0.0;0.0;0.0;0.0;0.0;0.000931220953823
341418000000;200;341418000000;map;37.1747565527;11.4765605226;0.0;0.0;0.0;0.69821640474;0.715886759307;0.00389487350822;-0.000171984312715;0.0;0.0;0.0;0.0;-0.000171984312715;0.0032174113617;0.0;0.0;0.0;0.0;0.0;0.0;0.0;0.0;0.0;0.0;0.0;0.0;0.0;0.0;0.0;0.0;0.0;0.0;0.0;0.0;0.0;0.0;0.0;0.0;0.0;0.0;0.0;0.000884049394252
341925000000;201;341925000000;map;37.1819338819;11.7315633983;0.0;0.0;0.0;0.698713279511;0.715401812295;0.00392385515534;-0.000197555076966;0.0;0.0;0.0;0.0;-0.000197555076966;0.00313716693262;0.0;0.0;0.0;0.0;0.0;0.0;0.0;0.0;0.0;0.0;0.0;0.0;0.0;0.0;0.0;0.0;0.0;0.0;0.0;0.0;0.0;0.0;0.0;0.0;0.0;0.0;0.0;0.000896529969386
342444000000;202;342444000000;map;37.1879738521;11.9916324958;0.0;0.0;0.0;0.698919376911;0.71520046461;0.00393176046305;-0.000262156129054;0.0;0.0;0.0;0.0;-0.000262156129054;0.00335059930163;0.0;0.0;0.0;0.0;0.0;0.0;0.0;0.0;0.0;0.0;0.0;0.0;0.0;0.0;0.0;0.0;0.0;0.0;0.0;0.0;0.0;0.0;0.0;0.0;0.0;0.0;0.0;0.000974551068878
342945000000;203;342945000000;map;37.1941971644;12.2425703381;0.0;0.0;0.0;0.699045979291;0.715076722343;0.00393064311675;-0.000220407085976;0.0;0.0;0.0;0.0;-0.000220407085976;0.00338637228052;0.0;0.0;0.0;0.0;0.0;0.0;0.0;0.0;0.0;0.0;0.0;0.0;0.0;0.0;0.0;0.0;0.0;0.0;0.0;0.0;0.0;0.0;0.0;0.0;0.0;0.0;0.0;0.000949884233697
343447000000;204;343447000000;map;37.2004580831;12.4949898927;0.0;0.0;0.0;0.699154691256;0.714970431343;0.00389185340646;-0.000226963558873;0.0;0.0;0.0;0.0;-0.000226963558873;0.0034511788848;0.0;0.0;0.0;0.0;0.0;0.0;0.0;0.0;0.0;0.0;0.0;0.0;0.0;0.0;0.0;0.0;0.0;0.0;0.0;0.0;0.0;0.0;0.0;0.0;0.0;0.0;0.0;0.000941469787814
343950000000;205;343950000000;map;37.2068776204;12.7484827797;0.0;0.0;0.0;0.699272064889;0.714855635262;0.00394345624204;-0.000270803922717;0.0;0.0;0.0;0.0;-0.00027080392266;0.00347317817722;0.0;0.0;0.0;0.0;0.0;0.0;0.0;0.0;0.0;0.0;0.0;0.0;0.0;0.0;0.0;0.0;0.0;0.0;0.0;0.0;0.0;0.0;0.0;0.0;0.0;0.0;0.0;0.000951147929777
345787000000;206;345787000000;map;37.2094429785;12.8951260286;0.0;0.0;0.0;0.767887151843;0.640585140348;0.00381540243006;-0.000214773847176;0.0;0.0;0.0;0.0;-0.000214773847176;0.00333721131307;0.0;0.0;0.0;0.0;0.0;0.0;0.0;0.0;0.0;0.0;0.0;0.0;0.0;0.0;0.0;0.0;0.0;0.0;0.0;0.0;0.0;0.0;0.0;0.0;0.0;0.0;0.0;0.000776299770154
346660000000;207;346660000000;map;37.2109837968;12.894992685;0.0;0.0;0.0;0.827998965239;0.560729626079;0.00348971877725;-0.000217015686133;0.0;0.0;0.0;0.0;-0.000217015686133;0.00315429759439;0.0;0.0;0.0;0.0;0.0;0.0;0.0;0.0;0.0;0.0;0.0;0.0;0.0;0.0;0.0;0.0;0.0;0.0;0.0;0.0;0.0;0.0;0.0;0.0;0.0;0.0;0.0;0.00062012797052
347548000000;208;347548000000;map;37.2114633763;12.8988695535;0.0;0.0;0.0;0.880412798427;0.474208081296;0.00318750577412;-0.000254380158367;0.0;0.0;0.0;0.0;-0.000254380158424;0.00308695447114;0.0;0.0;0.0;0.0;0.0;0.0;0.0;0.0;0.0;0.0;0.0;0.0;0.0;0.0;0.0;0.0;0.0;0.0;0.0;0.0;0.0;0.0;0.0;0.0;0.0;0.0;0.0;0.000494137167012
348470000000;209;348470000000;map;37.2116722558;12.9027743913;0.0;0.0;0.0;0.924494522702;0.381195327219;0.00302778677815;-0.000197209124906;0.0;0.0;0.0;0.0;-0.000197209124906;0.00288554162;0.0;0.0;0.0;0.0;0.0;0.0;0.0;0.0;0.0;0.0;0.0;0.0;0.0;0.0;0.0;0.0;0.0;0.0;0.0;0.0;0.0;0.0;0.0;0.0;0.0;0.0;0.0;0.000442217653612
349393000000;210;349393000000;map;37.2092834808;12.907767706;0.0;0.0;0.0;0.958443068331;0.285283866996;0.00288829440342;-0.000242126490946;0.0;0.0;0.0;0.0;-0.000242126490946;0.0028072619393;0.0;0.0;0.0;0.0;0.0;0.0;0.0;0.0;0.0;0.0;0.0;0.0;0.0;0.0;0.0;0.0;0.0;0.0;0.0;0.0;0.0;0.0;0.0;0.0;0.0;0.0;0.0;0.000401462952263
350260000000;211;350260000000;map;37.2083450536;12.911543036;0.0;0.0;0.0;0.982265669513;0.187494411906;0.00274340533224;-0.000282013931553;0.0;0.0;0.0;0.0;-0.000282013931553;0.00266847241133;0.0;0.0;0.0;0.0;0.0;0.0;0.0;0.0;0.0;0.0;0.0;0.0;0.0;0.0;0.0;0.0;0.0;0.0;0.0;0.0;0.0;0.0;0.0;0.0;0.0;0.0;0.0;0.000383794692832
351120000000;212;351120000000;map;37.206682543;12.9169927907;0.0;0.0;0.0;0.996244800985;0.0865811556324;0.00267715535324;-0.000260599777846;0.0;0.0;0.0;0.0;-0.000260599777846;0.00271054258187;0.0;0.0;0.0;0.0;0.0;0.0;0.0;0.0;0.0;0.0;0.0;0.0;0.0;0.0;0.0;0.0;0.0;0.0;0.0;0.0;0.0;0.0;0.0;0.0;0.0;0.0;0.0;0.000354438986805
351962000000;213;351962000000;map;37.2041729063;12.9230040389;0.0;0.0;0.0;-0.999911710401;0.0132880172406;0.00258449052785;-0.000218872375171;0.0;0.0;0.0;0.0;-0.000218872375171;0.00268044963067;0.0;0.0;0.0;0.0;0.0;0.0;0.0;0.0;0.0;0.0;0.0;0.0;0.0;0.0;0.0;0.0;0.0;0.0;0.0;0.0;0.0;0.0;0.0;0.0;0.0;0.0;0.0;0.000347682569284
353388000000;214;353388000000;map;36.9500898372;12.9157162245;0.0;0.0;0.0;-0.999746329417;0.0225228066185;0.00255688461289;-0.000132677062993;0.0;0.0;0.0;0.0;-0.000132677062879;0.00256228297442;0.0;0.0;0.0;0.0;0.0;0.0;0.0;0.0;0.0;0.0;0.0;0.0;0.0;0.0;0.0;0.0;0.0;0.0;0.0;0.0;0.0;0.0;0.0;0.0;0.0;0.0;0.0;0.000554775573113
353890000000;215;353890000000;map;36.6984660511;12.9092492328;0.0;0.0;0.0;-0.999760039947;0.0219057646739;0.00265019033077;-9.67452596115e-05;0.0;0.0;0.0;0.0;-9.67452596683e-05;0.00247642874771;0.0;0.0;0.0;0.0;0.0;0.0;0.0;0.0;0.0;0.0;0.0;0.0;0.0;0.0;0.0;0.0;0.0;0.0;0.0;0.0;0.0;0.0;0.0;0.0;0.0;0.0;0.0;0.000701292747337
354395000000;216;354395000000;map;36.4449886755;12.9022481901;0.0;0.0;0.0;-0.999767181585;0.0215773637445;0.00275065363894;-8.93197125151e-05;0.0;0.0;0.0;0.0;-8.93197125151e-05;0.00249773930156;0.0;0.0;0.0;0.0;0.0;0.0;0.0;0.0;0.0;0.0;0.0;0.0;0.0;0.0;0.0;0.0;0.0;0.0;0.0;0.0;0.0;0.0;0.0;0.0;0.0;0.0;0.0;0.000819630072979
354917000000;217;354917000000;map;36.1821286736;12.8949296083;0.0;0.0;0.0;-0.999773159935;0.0212985603825;0.00283977732988;-7.08877021793e-05;0.0;0.0;0.0;0.0;-7.08877021225e-05;0.00251014838619;0.0;0.0;0.0;0.0;0.0;0.0;0.0;0.0;0.0;0.0;0.0;0.0;0.0;0.0;0.0;0.0;0.0;0.0;0.0;0.0;0.0;0.0;0.0;0.0;0.0;0.0;0.0;0.000890145183348
355438000000;218;355438000000;map;35.9212981909;12.8901336305;0.0;0.0;0.0;-0.99978504141;0.0207333300196;0.00286025479022;-2.83773181309e-05;0.0;0.0;0.0;0.0;-2.83773181309e-05;0.00251622083448;0.0;0.0;0.0;0.0;0.0;0.0;0.0;0.0;0.0;0.0;0.0;0.0;0.0;0.0;0.0;0.0;0.0;0.0;0.0;0.0;0.0;0.0;0.0;0.0;0.0;0.0;0.0;0.000950099618694
355947000000;219;355947000000;map;35.6651108826;12.8847212596;0.0;0.0;0.0;-0.999791757609;0.020406896302;0.0029206068034;-5.96506278043e-05;0.0;0.0;0.0;0.0;-5.96506278043e-05;0.00255261864817;0.0;0.0;0.0;0.0;0.0;0.0;0.0;0.0;0.0;0.0;0.0;0.0;0.0;0.0;0.0;0.0;0.0;0.0;0.0;0.0;0.0;0.0;0.0;0.0;0.0;0.0;0.0;0.000956561604771
356448000000;220;356448000000;map;35.4135545977;12.8781204109;0.0;0.0;0.0;-0.999791432325;0.0204228266812;0.0029036665951;-4.12450157228e-06;0.0;0.0;0.0;0.0;-4.12450157228e-06;0.00255407370247;0.0;0.0;0.0;0.0;0.0;0.0;0.0;0.0;0.0;0.0;0.0;0.0;0.0;0.0;0.0;0.0;0.0;0.0;0.0;0.0;0.0;0.0;0.0;0.0;0.0;0.0;0.0;0.000948606399314
356949000000;221;356949000000;map;35.1624660986;12.8718259328;0.0;0.0;0.0;-0.999792837204;0.0203539351278;0.002907198309;2.96574192475e-05;0.0;0.0;0.0;0.0;2.96574192475e-05;0.00259576710931;0.0;0.0;0.0;0.0;0.0;0.0;0.0;0.0;0.0;0.0;0.0;0.0;0.0;0.0;0.0;0.0;0.0;0.0;0.0;0.0;0.0;0.0;0.0;0.0;0.0;0.0;0.0;0.00088633731954
358155000000;222;358155000000;map;34.9059654471;12.8734488405;0.0;0.0;0.0;0.999792430616;0.0203738971194;0.00306143887815;4.73594335517e-05;0.0;0.0;0.0;0.0;4.73594335517e-05;0.00259743092801;0.0;0.0;0.0;0.0;0.0;0.0;0.0;0.0;0.0;0.0;0.0;0.0;0.0;0.0;0.0;0.0;0.0;0.0;0.0;0.0;0.0;0.0;0.0;0.0;0.0;0.0;0.0;0.000889567290808
358673000000;223;358673000000;map;34.6465668138;12.8871261784;0.0;0.0;0.0;0.999796472502;0.0201745773744;0.00311063454046;4.37120294237e-05;0.0;0.0;0.0;0.0;4.37120294237e-05;0.00268676056928;0.0;0.0;0.0;0.0;0.0;0.0;0.0;0.0;0.0;0.0;0.0;0.0;0.0;0.0;0.0;0.0;0.0;0.0;0.0;0.0;0.0;0.0;0.0;0.0;0.0;0.0;0.0;0.000888954231997
359177000000;224;359177000000;map;34.3924270552;12.8996584688;0.0;0.0;0.0;0.999811124655;0.0194348917156;0.0031910908117;7.60215206697e-05;0.0;0.0;0.0;0.0;7.60215206697e-05;0.00274753615213;0.0;0.0;0.0;0.0;0.0;0.0;0.0;0.0;0.0;0.0;0.0;0.0;0.0;0.0;0.0;0.0;0.0;0.0;0.0;0.0;0.0;0.0;0.0;0.0;0.0;0.0;0.0;0.000893707593386
359696000000;225;359696000000;map;34.1328245135;12.912270041;0.0;0.0;0.0;0.99981360918;0.0193066542644;0.00333221354504;9.59248537242e-05;0.0;0.0;0.0;0.0;9.59248536674e-05;0.00265328025273;0.0;0.0;0.0;0.0;0.0;0.0;0.0;0.0;0.0;0.0;0.0;0.0;0.0;0.0;0.0;0.0;0.0;0.0;0.0;0.0;0.0;0.0;0.0;0.0;0.0;0.0;0.0;0.000848315062526
360198000000;226;360198000000;map;33.8803542885;12.9239968406;0.0;0.0;0.0;0.999822970722;0.0188156109712;0.00329719046272;0.000105164402385;0.0;0.0;0.0;0.0;0.000105164402328;0.00263778327431;0.0;0.0;0.0;0.0;0.0;0.0;0.0;0.0;0.0;0.0;0.0;0.0;0.0;0.0;0.0;0.0;0.0;0.0;0.0;0.0;0.0;0.0;0.0;0.0;0.0;0.0;0.0;0.000849693443859
360706000000;227;360706000000;map;33.6246778854;12.9362292461;0.0;0.0;0.0;0.999825870271;0.0186608986234;0.00344039799711;9.3817951381e-05;0.0;0.0;0.0;0.0;9.3817951381e-05;0.00258055463308;0.0;0.0;0.0;0.0;0.0;0.0;0.0;0.0;0.0;0.0;0.0;0.0;0.0;0.0;0.0;0.0;0.0;0.0;0.0;0.0;0.0;0.0;0.0;0.0;0.0;0.0;0.0;0.000863897763925
361225000000;228;361225000000;map;33.3649750421;12.9481453667;0.0;0.0;0.0;0.99982853736;0.0185174480118;0.0033679365331;9.01385463408e-05;0.0;0.0;0.0;0.0;9.01385463976e-05;0.00265768675112;0.0;0.0;0.0;0.0;0.0;0.0;0.0;0.0;0.0;0.0;0.0;0.0;0.0;0.0;0.0;0.0;0.0;0.0;0.0;0.0;0.0;0.0;0.0;0.0;0.0;0.0;0.0;0.000896828547479
361727000000;229;361727000000;map;33.1120997745;12.9602556821;0.0;0.0;0.0;0.999830118681;0.0184318685639;0.00333918241176;0.000101392070064;0.0;0.0;0.0;0.0;0.000101392070064;0.00263144361108;0.0;0.0;0.0;0.0;0.0;0.0;0.0;0.0;0.0;0.0;0.0;0.0;0.0;0.0;0.0;0.0;0.0;0.0;0.0;0.0;0.0;0.0;0.0;0.0;0.0;0.0;0.0;0.000870735391342
362242000000;230;362242000000;map;32.8535703187;12.9718518704;0.0;0.0;0.0;0.999832254106;0.0183156667524;0.00339727568439;0.000135411035785;0.0;0.0;0.0;0.0;0.000135411035842;0.00265691307717;0.0;0.0;0.0;0.0;0.0;0.0;0.0;0.0;0.0;0.0;0.0;0.0;0.0;0.0;0.0;0.0;0.0;0.0;0.0;0.0;0.0;0.0;0.0;0.0;0.0;0.0;0.0;0.000887043188174
362746000000;231;362746000000;map;32.6015007466;12.982685741;0.0;0.0;0.0;0.999839384693;0.0179221878285;0.0034051271814;9.90015229831e-05;0.0;0.0;0.0;0.0;9.90015229831e-05;0.00264263061587;0.0;0.0;0.0;0.0;0.0;0.0;0.0;0.0;0.0;0.0;0.0;0.0;0.0;0.0;0.0;0.0;0.0;0.0;0.0;0.0;0.0;0.0;0.0;0.0;0.0;0.0;0.0;0.000914972522739
363267000000;232;363267000000;map;32.3399833249;12.9931102442;0.0;0.0;0.0;0.999847459224;0.017465917736;0.00349980012356;0.00014669425309;0.0;0.0;0.0;0.0;0.00014669425309;0.00261725167508;0.0;0.0;0.0;0.0;0.0;0.0;0.0;0.0;0.0;0.0;0.0;0.0;0.0;0.0;0.0;0.0;0.0;0.0;0.0;0.0;0.0;0.0;0.0;0.0;0.0;0.0;0.0;0.000944320097338
363770000000;233;363770000000;map;32.0889782452;13.0033073772;0.0;0.0;0.0;0.999843004974;0.0177190689799;0.00358300709127;0.000163835181013;0.0;0.0;0.0;0.0;0.000163835181013;0.00265055355598;0.0;0.0;0.0;0.0;0.0;0.0;0.0;0.0;0.0;0.0;0.0;0.0;0.0;0.0;0.0;0.0;0.0;0.0;0.0;0.0;0.0;0.0;0.0;0.0;0.0;0.0;0.0;0.000923746275802
364273000000;234;364273000000;map;31.8368613351;13.0137991476;0.0;0.0;0.0;0.999841885025;0.0177821525343;0.00375029242775;0.00014562975224;0.0;0.0;0.0;0.0;0.000145629752183;0.00275491156924;0.0;0.0;0.0;0.0;0.0;0.0;0.0;0.0;0.0;0.0;0.0;0.0;0.0;0.0;0.0;0.0;0.0;0.0;0.0;0.0;0.0;0.0;0.0;0.0;0.0;0.0;0.0;0.00094783285798
364794000000;235;364794000000;map;31.5755664501;13.0242428402;0.0;0.0;0.0;0.999847033833;0.0174902525806;0.00385863293093;0.000178087769598;0.0;0.0;0.0;0.0;0.000178087769598;0.00273672566257;0.0;0.0;0.0;0.0;0.0;0.0;0.0;0.0;0.0;0.0;0.0;0.0;0.0;0.0;0.0;0.0;0.0;0.0;0.0;0.0;0.0;0.0;0.0;0.0;0.0;0.0;0.0;0.000987137688705
365297000000;236;365297000000;map;31.3229244657;13.035968596;0.0;0.0;0.0;0.999847040344;0.0174898803669;0.00377752418683;0.0001977744991;0.0;0.0;0.0;0.0;0.0001977744991;0.00268582537521;0.0;0.0;0.0;0.0;0.0;0.0;0.0;0.0;0.0;0.0;0.0;0.0;0.0;0.0;0.0;0.0;0.0;0.0;0.0;0.0;0.0;0.0;0.0;0.0;0.0;0.0;0.0;0.000977327592042
365800000000;237;365800000000;map;31.0711539958;13.0464104136;0.0;0.0;0.0;0.99984726465;0.017477052744;0.00365535779588;0.000235372022189;0.0;0.0;0.0;0.0;0.000235372022189;0.00273900864542;0.0;0.0;0.0;0.0;0.0;0.0;0.0;0.0;0.0;0.0;0.0;0.0;0.0;0.0;0.0;0.0;0.0;0.0;0.0;0.0;0.0;0.0;0.0;0.0;0.0;0.0;0.0;0.000959450946693
366304000000;238;366304000000;map;30.8186817288;13.0566489697;0.0;0.0;0.0;0.999854314058;0.0170689970589;0.00362138161279;0.000176560875445;0.0;0.0;0.0;0.0;0.000176560875445;0.0027529924655;0.0;0.0;0.0;0.0;0.0;0.0;0.0;0.0;0.0;0.0;0.0;0.0;0.0;0.0;0.0;0.0;0.0;0.0;0.0;0.0;0.0;0.0;0.0;0.0;0.0;0.0;0.0;0.000936446308115
366823000000;239;366823000000;map;30.5605916314;13.0660752686;0.0;0.0;0.0;0.999858421533;0.0168266719496;0.00385751926763;0.000166987491582;0.0;0.0;0.0;0.0;0.000166987491582;0.00284595193071;0.0;0.0;0.0;0.0;0.0;0.0;0.0;0.0;0.0;0.0;0.0;0.0;0.0;0.0;0.0;0.0;0.0;0.0;0.0;0.0;0.0;0.0;0.0;0.0;0.0;0.0;0.0;0.000964353191701
367334000000;240;367334000000;map;30.3038516326;13.075372946;0.0;0.0;0.0;0.999861508592;0.0166422244951;0.00389498422942;9.20521313219e-05;0.0;0.0;0.0;0.0;9.20521313219e-05;0.00286477000384;0.0;0.0;0.0;0.0;0.0;0.0;0.0;0.0;0.0;0.0;0.0;0.0;0.0;0.0;0.0;0.0;0.0;0.0;0.0;0.0;0.0;0.0;0.0;0.0;0.0;0.0;0.0;0.00100841524124
367854000000;241;367854000000;map;30.0423408352;13.0863775217;0.0;0.0;0.0;0.999859364901;0.0167705223418;0.00396581266909;0.000132853628884;0.0;0.0;0.0;0.0;0.000132853628884;0.00287509224222;0.0;0.0;0.0;0.0;0.0;0.0;0.0;0.0;0.0;0.0;0.0;0.0;0.0;0.0;0.0;0.0;0.0;0.0;0.0;0.0;0.0;0.0;0.0;0.0;0.0;0.0;0.0;0.00109440880194
368358000000;242;368358000000;map;29.7883460595;13.0978219386;0.0;0.0;0.0;0.99985868859;0.0168107956753;0.00413902919524;8.92983971426e-05;0.0;0.0;0.0;0.0;8.92983971426e-05;0.00293888895604;0.0;0.0;0.0;0.0;0.0;0.0;0.0;0.0;0.0;0.0;0.0;0.0;0.0;0.0;0.0;0.0;0.0;0.0;0.0;0.0;0.0;0.0;0.0;0.0;0.0;0.0;0.0;0.00109562681709
368861000000;243;368861000000;map;29.5387330995;13.1067518355;0.0;0.0;0.0;0.999856480675;0.0169416071174;0.00404321148267;7.69669239276e-05;0.0;0.0;0.0;0.0;7.69669239276e-05;0.00295598505835;0.0;0.0;0.0;0.0;0.0;0.0;0.0;0.0;0.0;0.0;0.0;0.0;0.0;0.0;0.0;0.0;0.0;0.0;0.0;0.0;0.0;0.0;0.0;0.0;0.0;0.0;0.0;0.00109405709092
369371000000;244;369371000000;map;29.2828839492;13.1176477639;0.0;0.0;0.0;0.999860652447;0.0166935822478;0.00416231774625;0.000101762100428;0.0;0.0;0.0;0.0;0.000101762100428;0.0029816820454;0.0;0.0;0.0;0.0;0.0;0.0;0.0;0.0;0.0;0.0;0.0;0.0;0.0;0.0;0.0;0.0;0.0;0.0;0.0;0.0;0.0;0.0;0.0;0.0;0.0;0.0;0.0;0.00109446081518
369874000000;245;369874000000;map;29.0300730241;13.1277907561;0.0;0.0;0.0;0.999858420443;0.0168267367163;0.00408172861796;0.000126807257459;0.0;0.0;0.0;0.0;0.000126807257459;0.00309429138102;0.0;0.0;0.0;0.0;0.0;0.0;0.0;0.0;0.0;0.0;0.0;0.0;0.0;0.0;0.0;0.0;0.0;0.0;0.0;0.0;0.0;0.0;0.0;0.0;0.0;0.0;0.0;0.00107953600741
370390000000;246;370390000000;map;28.7706567929;13.138716961;0.0;0.0;0.0;0.999851468157;0.0172348955284;0.00425094832076;0.000184090277742;0.0;0.0;0.0;0.0;0.000184090277685;0.0032035593961;0.0;0.0;0.0;0.0;0.0;0.0;0.0;0.0;0.0;0.0;0.0;0.0;0.0;0.0;0.0;0.0;0.0;0.0;0.0;0.0;0.0;0.0;0.0;0.0;0.0;0.0;0.0;0.00115901330683
370904000000;247;370904000000;map;28.5134133986;13.1487566687;0.0;0.0;0.0;0.999851322176;0.0172433622704;0.00426237077795;0.000155859283836;0.0;0.0;0.0;0.0;0.000155859283836;0.0032856376551;0.0;0.0;0.0;0.0;0.0;0.0;0.0;0.0;0.0;0.0;0.0;0.0;0.0;0.0;0.0;0.0;0.0;0.0;0.0;0.0;0.0;0.0;0.0;0.0;0.0;0.0;0.0;0.00121594615895
371426000000;248;371426000000;map;28.2514645429;13.1590236403;0.0;0.0;0.0;0.999847152333;0.0174834771201;0.00434933427721;0.000155055818709;0.0;0.0;0.0;0.0;0.000155055818709;0.00348002229532;0.0;0.0;0.0;0.0;0.0;0.0;0.0;0.0;0.0;0.0;0.0;0.0;0.0;0.0;0.0;0.0;0.0;0.0;0.0;0.0;0.0;0.0;0.0;0.0;0.0;0.0;0.0;0.00126463894625
371927000000;249;371927000000;map;27.9992121034;13.1688846607;0.0;0.0;0.0;0.999846395512;0.0175267047929;0.00443621013414;0.00013548659075;0.0;0.0;0.0;0.0;0.00013548659075;0.00355975591589;0.0;0.0;0.0;0.0;0.0;0.0;0.0;0.0;0.0;0.0;0.0;0.0;0.0;0.0;0.0;0.0;0.0;0.0;0.0;0.0;0.0;0.0;0.0;0.0;0.0;0.0;0.0;0.00121587947837
372448000000;250;372448000000;map;27.7372886042;13.1775845979;0.0;0.0;0.0;0.999847260779;0.0174772741833;0.00431679331791;0.000185040990914;0.0;0.0;0.0;0.0;0.000185040990914;0.00369629553947;0.0;0.0;0.0;0.0;0.0;0.0;0.0;0.0;0.0;0.0;0.0;0.0;0.0;0.0;0.0;0.0;0.0;0.0;0.0;0.0;0.0;0.0;0.0;0.0;0.0;0.0;0.0;0.00123353541306
372967000000;251;372967000000;map;27.4774761092;13.1884294444;0.0;0.0;0.0;0.999850069516;0.0173158450019;0.00443904069459;9.99265387804e-05;0.0;0.0;0.0;0.0;9.99265387804e-05;0.00369023900714;0.0;0.0;0.0;0.0;0.0;0.0;0.0;0.0;0.0;0.0;0.0;0.0;0.0;0.0;0.0;0.0;0.0;0.0;0.0;0.0;0.0;0.0;0.0;0.0;0.0;0.0;0.0;0.0011891528351
373479000000;252;373479000000;map;27.2204727818;13.198569489;0.0;0.0;0.0;0.999856521531;0.0169391957452;0.00444460393976;1.98513851046e-06;0.0;0.0;0.0;0.0;1.98513851046e-06;0.00369702802422;0.0;0.0;0.0;0.0;0.0;0.0;0.0;0.0;0.0;0.0;0.0;0.0;0.0;0.0;0.0;0.0;0.0;0.0;0.0;0.0;0.0;0.0;0.0;0.0;0.0;0.0;0.0;0.0011067397698
374732000000;253;374732000000;map;27.1001992097;13.2033749697;0.0;0.0;0.0;-0.996522125964;0.0833285813123;0.00452488292262;-6.0873139148e-05;0.0;0.0;0.0;0.0;-6.0873139148e-05;0.00351367621371;0.0;0.0;0.0;0.0;0.0;0.0;0.0;0.0;0.0;0.0;0.0;0.0;0.0;0.0;0.0;0.0;0.0;0.0;0.0;0.0;0.0;0.0;0.0;0.0;0.0;0.0;0.0;0.00100301211412
375604000000;254;375604000000;map;27.0957198811;13.2050554166;0.0;0.0;0.0;-0.983078383407;0.183185403563;0.00422675191226;-3.9935143036e-05;0.0;0.0;0.0;0.0;-3.99351429792e-05;0.00305371987866;0.0;0.0;0.0;0.0;0.0;0.0;0.0;0.0;0.0;0.0;0.0;0.0;0.0;0.0;0.0;0.0;0.0;0.0;0.0;0.0;0.0;0.0;0.0;0.0;0.0;0.0;0.0;0.000885215704909
376491000000;255;376491000000;map;27.0918472567;13.2068060645;0.0;0.0;0.0;-0.959812314394;0.280642693007;0.00401781462142;4.15847781028e-05;0.0;0.0;0.0;0.0;4.15847780459e-05;0.00273274614111;0.0;0.0;0.0;0.0;0.0;0.0;0.0;0.0;0.0;0.0;0.0;0.0;0.0;0.0;0.0;0.0;0.0;0.0;0.0;0.0;0.0;0.0;0.0;0.0;0.0;0.0;0.0;0.000765989084672
377402000000;256;377402000000;map;27.087750618;13.2073808862;0.0;0.0;0.0;-0.926321898172;0.376732983645;0.00409330648597;4.07855806088e-05;0.0;0.0;0.0;0.0;4.07855806088e-05;0.00253871012416;0.0;0.0;0.0;0.0;0.0;0.0;0.0;0.0;0.0;0.0;0.0;0.0;0.0;0.0;0.0;0.0;0.0;0.0;0.0;0.0;0.0;0.0;0.0;0.0;0.0;0.0;0.0;0.000677669065328
378307000000;257;378307000000;map;27.0840102074;13.2073728256;0.0;0.0;0.0;-0.883865467286;0.467741205946;0.00405758574243;0.000116297486386;0.0;0.0;0.0;0.0;0.000116297486386;0.00244778380016;0.0;0.0;0.0;0.0;0.0;0.0;0.0;0.0;0.0;0.0;0.0;0.0;0.0;0.0;0.0;0.0;0.0;0.0;0.0;0.0;0.0;0.0;0.0;0.0;0.0;0.0;0.0;0.000616761848906
379177000000;258;379177000000;map;27.0784476904;13.2058607603;0.0;0.0;0.0;-0.832015266706;0.554752734079;0.0041212838513;0.00017158160523;0.0;0.0;0.0;0.0;0.00017158160523;0.00229478427863;0.0;0.0;0.0;0.0;0.0;0.0;0.0;0.0;0.0;0.0;0.0;0.0;0.0;0.0;0.0;0.0;0.0;0.0;0.0;0.0;0.0;0.0;0.0;0.0;0.0;0.0;0.0;0.000574473680633
380028000000;259;380028000000;map;27.0714254209;13.2048639255;0.0;0.0;0.0;-0.772180985069;0.635402648954;0.00402715061296;0.000147631372158;0.0;0.0;0.0;0.0;0.000147631372158;0.00220801418473;0.0;0.0;0.0;0.0;0.0;0.0;0.0;0.0;0.0;0.0;0.0;0.0;0.0;0.0;0.0;0.0;0.0;0.0;0.0;0.0;0.0;0.0;0.0;0.0;0.0;0.0;0.0;0.000541718204681
380890000000;260;380890000000;map;27.0659232173;13.2037092748;0.0;0.0;0.0;-0.703354945505;0.710838814805;0.00386854199257;0.000161777251037;0.0;0.0;0.0;0.0;0.000161777250923;0.00218748800918;0.0;0.0;0.0;0.0;0.0;0.0;0.0;0.0;0.0;0.0;0.0;0.0;0.0;0.0;0.0;0.0;0.0;0.0;0.0;0.0;0.0;0.0;0.0;0.0;0.0;0.0;0.0;0.000497314821442
382194000000;261;382194000000;map;27.066239187;12.9500737823;0.0;0.0;0.0;-0.698305620735;0.715799734598;0.00370179581012;9.8311986676e-05;0.0;0.0;0.0;0.0;9.8311986676e-05;0.00231410055974;0.0;0.0;0.0;0.0;0.0;0.0;0.0;0.0;0.0;0.0;0.0;0.0;0.0;0.0;0.0;0.0;0.0;0.0;0.0;0.0;0.0;0.0;0.0;0.0;0.0;0.0;0.0;0.000711800173383
382697000000;262;382697000000;map;27.0647906701;12.698359416;0.0;0.0;0.0;-0.698819374836;0.715298176535;0.00367284307458;8.45536550287e-06;0.0;0.0;0.0;0.0;8.45536550287e-06;0.00241515978993;0.0;0.0;0.0;0.0;0.0;0.0;0.0;0.0;0.0;0.0;0.0;0.0;0.0;0.0;0.0;0.0;0.0;0.0;0.0;0.0;0.0;0.0;0.0;0.0;0.0;0.0;0.0;0.000855859454323
383201000000;263;383201000000;map;27.0625641541;12.4477637971;0.0;0.0;0.0;-0.69972156651;0.714415655876;0.00361456019573;2.34527338421e-05;0.0;0.0;0.0;0.0;2.34527338421e-05;0.00240863128533;0.0;0.0;0.0;0.0;0.0;0.0;0.0;0.0;0.0;0.0;0.0;0.0;0.0;0.0;0.0;0.0;0.0;0.0;0.0;0.0;0.0;0.0;0.0;0.0;0.0;0.0;0.0;0.00097588239392
383702000000;264;383702000000;map;27.0612435973;12.1980004048;0.0;0.0;0.0;-0.700088986067;0.71405560819;0.00355297056024;3.22012135712e-05;0.0;0.0;0.0;0.0;3.22012135712e-05;0.00256792106467;0.0;0.0;0.0;0.0;0.0;0.0;0.0;0.0;0.0;0.0;0.0;0.0;0.0;0.0;0.0;0.0;0.0;0.0;0.0;0.0;0.0;0.0;0.0;0.0;0.0;0.0;0.0;0.00108245753226
384203000000;265;384203000000;map;27.058705036;11.9452995183;0.0;0.0;0.0;-0.700539727198;0.713613404175;0.00367438519754;4.98505859241e-05;0.0;0.0;0.0;0.0;4.98505859241e-05;0.00266378012648;0.0;0.0;0.0;0.0;0.0;0.0;0.0;0.0;0.0;0.0;0.0;0.0;0.0;0.0;0.0;0.0;0.0;0.0;0.0;0.0;0.0;0.0;0.0;0.0;0.0;0.0;0.0;0.00116123476165
384707000000;266;384707000000;map;27.057209068;11.6909457691;0.0;0.0;0.0;-0.701069259033;0.713093187486;0.00361256816245;9.74107138063e-07;0.0;0.0;0.0;0.0;9.74107138063e-07;0.0028694886405;0.0;0.0;0.0;0.0;0.0;0.0;0.0;0.0;0.0;0.0;0.0;0.0;0.0;0.0;0.0;0.0;0.0;0.0;0.0;0.0;0.0;0.0;0.0;0.0;0.0;0.0;0.0;0.00121160311486
385227000000;267;385227000000;map;27.0541566064;11.4317480831;0.0;0.0;0.0;-0.701778874535;0.712394842245;0.00358750093676;-5.84250843758e-05;0.0;0.0;0.0;0.0;-5.84250843758e-05;0.00290927633458;0.0;0.0;0.0;0.0;0.0;0.0;0.0;0.0;0.0;0.0;0.0;0.0;0.0;0.0;0.0;0.0;0.0;0.0;0.0;0.0;0.0;0.0;0.0;0.0;0.0;0.0;0.0;0.00126299797484
385730000000;268;385730000000;map;27.0513983572;11.1811188938;0.0;0.0;0.0;-0.702041287147;0.712136244789;0.00347996264736;-5.76577688776e-05;0.0;0.0;0.0;0.0;-5.76577688776e-05;0.00299312448652;0.0;0.0;0.0;0.0;0.0;0.0;0.0;0.0;0.0;0.0;0.0;0.0;0.0;0.0;0.0;0.0;0.0;0.0;0.0;0.0;0.0;0.0;0.0;0.0;0.0;0.0;0.0;0.00129568818178
386231000000;269;386231000000;map;27.0491374612;10.93066207;0.0;0.0;0.0;-0.702188651287;0.711990939551;0.00342883753683;-8.06150246149e-05;0.0;0.0;0.0;0.0;-8.06150246149e-05;0.00300924683215;0.0;0.0;0.0;0.0;0.0;0.0;0.0;0.0;0.0;0.0;0.0;0.0;0.0;0.0;0.0;0.0;0.0;0.0;0.0;0.0;0.0;0.0;0.0;0.0;0.0;0.0;0.0;0.00130220114075
386734000000;270;386734000000;map;27.0476113922;10.6786047142;0.0;0.0;0.0;-0.70238651895;0.711795741766;0.00354432981351;-3.32508647602e-05;0.0;0.0;0.0;0.0;-3.32508647602e-05;0.00308651652263;0.0;0.0;0.0;0.0;0.0;0.0;0.0;0.0;0.0;0.0;0.0;0.0;0.0;0.0;0.0;0.0;0.0;0.0;0.0;0.0;0.0;0.0;0.0;0.0;0.0;0.0;0.0;0.00136313963284
387255000000;271;387255000000;map;27.0474154943;10.418587444;0.0;0.0;0.0;-0.702368783153;0.711813242679;0.00365455342751;-8.08655136098e-06;0.0;0.0;0.0;0.0;-8.08655136098e-06;0.00318398862647;0.0;0.0;0.0;0.0;0.0;0.0;0.0;0.0;0.0;0.0;0.0;0.0;0.0;0.0;0.0;0.0;0.0;0.0;0.0;0.0;0.0;0.0;0.0;0.0;0.0;0.0;0.0;0.00137122592099
387766000000;272;387766000000;map;27.0479240109;10.1602720941;0.0;0.0;0.0;-0.701977985266;0.71219864378;0.00364256786088;-3.08447216639e-05;0.0;0.0;0.0;0.0;-3.08447216639e-05;0.00322262023492;0.0;0.0;0.0;0.0;0.0;0.0;0.0;0.0;0.0;0.0;0.0;0.0;0.0;0.0;0.0;0.0;0.0;0.0;0.0;0.0;0.0;0.0;0.0;0.0;0.0;0.0;0.0;0.00133548388178
388271000000;273;388271000000;map;27.0508828893;9.90711457702;0.0;0.0;0.0;-0.701512868303;0.712656786683;0.0038211234297;-0.000104209315623;0.0;0.0;0.0;0.0;-0.000104209315623;0.00327606193844;0.0;0.0;0.0;0.0;0.0;0.0;0.0;0.0;0.0;0.0;0.0;0.0;0.0;0.0;0.0;0.0;0.0;0.0;0.0;0.0;0.0;0.0;0.0;0.0;0.0;0.0;0.0;0.00127876352465
388779000000;274;388779000000;map;27.0535031331;9.65109896895;0.0;0.0;0.0;-0.701118500679;0.713044772791;0.00383790989861;-3.95506088466e-05;0.0;0.0;0.0;0.0;-3.95506088466e-05;0.00338265761951;0.0;0.0;0.0;0.0;0.0;0.0;0.0;0.0;0.0;0.0;0.0;0.0;0.0;0.0;0.0;0.0;0.0;0.0;0.0;0.0;0.0;0.0;0.0;0.0;0.0;0.0;0.0;0.00125548621315
389282000000;275;389282000000;map;27.056041754;9.39788222279;0.0;0.0;0.0;-0.701040795001;0.71312117045;0.00405820112678;-9.57385300637e-05;0.0;0.0;0.0;0.0;-9.57385300353e-05;0.00333404940594;0.0;0.0;0.0;0.0;0.0;0.0;0.0;0.0;0.0;0.0;0.0;0.0;0.0;0.0;0.0;0.0;0.0;0.0;0.0;0.0;0.0;0.0;0.0;0.0;0.0;0.0;0.0;0.00122044336443
389785000000;276;389785000000;map;27.0608083724;9.14582239926;0.0;0.0;0.0;-0.700781067966;0.713376404699;0.00404061208292;1.43056997217e-05;0.0;0.0;0.0;0.0;1.43056997217e-05;0.00312642462731;0.0;0.0;0.0;0.0;0.0;0.0;0.0;0.0;0.0;0.0;0.0;0.0;0.0;0.0;0.0;0.0;0.0;0.0;0.0;0.0;0.0;0.0;0.0;0.0;0.0;0.0;0.0;0.00115226123976
390594000000;277;390594000000;map;27.0529393765;8.89579013905;0.0;0.0;0.0;-0.741112830939;0.671380497049;0.00422631040101;1.82289024337e-05;0.0;0.0;0.0;0.0;1.82289024337e-05;0.00320661142241;0.0;0.0;0.0;0.0;0.0;0.0;0.0;0.0;0.0;0.0;0.0;0.0;0.0;0.0;0.0;0.0;0.0;0.0;0.0;0.0;0.0;0.0;0.0;0.0;0.0;0.0;0.0;0.00113120728292
391114000000;278;391114000000;map;27.0279547639;8.63512162135;0.0;0.0;0.0;-0.740859742807;0.671659766167;0.00441317084403;2.82658604362e-05;0.0;0.0;0.0;0.0;2.82658604362e-05;0.00317027639167;0.0;0.0;0.0;0.0;0.0;0.0;0.0;0.0;0.0;0.0;0.0;0.0;0.0;0.0;0.0;0.0;0.0;0.0;0.0;0.0;0.0;0.0;0.0;0.0;0.0;0.0;0.0;0.00108791623532
391619000000;279;391619000000;map;27.0012703046;8.38405813864;0.0;0.0;0.0;-0.74082995969;0.671692616325;0.00435174123277;7.46418805875e-06;0.0;0.0;0.0;0.0;7.46418805875e-06;0.00308304100098;0.0;0.0;0.0;0.0;0.0;0.0;0.0;0.0;0.0;0.0;0.0;0.0;0.0;0.0;0.0;0.0;0.0;0.0;0.0;0.0;0.0;0.0;0.0;0.0;0.0;0.0;0.0;0.00103833968601
392123000000;280;392123000000;map;26.9771864174;8.13309805392;0.0;0.0;0.0;-0.740567399432;0.671982088227;0.0045337622621;2.49139833386e-06;0.0;0.0;0.0;0.0;2.49139833386e-06;0.00298004613781;0.0;0.0;0.0;0.0;0.0;0.0;0.0;0.0;0.0;0.0;0.0;0.0;0.0;0.0;0.0;0.0;0.0;0.0;0.0;0.0;0.0;0.0;0.0;0.0;0.0;0.0;0.0;0.0010391662025
